"External ID","Бригада","Статус","Выполненные работы/Вид работ","Выполненный объем, м²","Начало смены","Операционное время по фактам работ, сек","Операционное время, ручная корректировка, ч","Event stock picking out count","Расход топлива/Оборудование/Отображаемое Имя","Выполненные работы/Контракт/Отображаемое Имя","Расход материалов/Контракт/Отображаемое Имя"
"__export__.roadmark_mrp_shift_work_shift_25415_4d54ee19","П15 Северенюк","Закрыта","Линейные","358.37","2024-05-01 00:15:00","0.0","0.0","1","П02 Контур 700 ТП №112/866039048482351","Татарстан (федеральные) \\2024\\","Татарстан (федеральные) \\2024\\"
"","","","Линейные","","","","","","","Татарстан (федеральные) \\2024\\",""
"","","","","","","","","","П02 Вулкан 5000 (Аренда)","",""
"","","","","","","","","","Газель Next AP 9205-1","",""
"","","","","","","","","","Б1.1 МАЗ  АI7476-1/352964057749724","",""
"","","","","","","","","","Газель Next AP 9205-1","",""
"__export__.roadmark_mrp_shift_work_shift_25425_a6d6423d","К09 Сухонь","Закрыта","Линейные","148.5","2024-05-01 02:12:00","0.0","0.0","1","","Татарстан (федеральные) \\2024\\","Татарстан (федеральные) \\2024\\"
"__export__.roadmark_mrp_shift_work_shift_25411_08878d2d","Р04 Безсилко","Закрыта","Ручные","34.24","2024-05-01 02:30:00","0.0","0.0","1","Генератор DENZEL","Татарстан (федеральные) \\2024\\","Татарстан (федеральные) \\2024\\"
"","","","","","","","","","Р06 HYUNDAI AН 0302-1/866104029818096","",""
"__export__.roadmark_mrp_shift_work_shift_25397_cd28f66a","К10 Шелепов","Закрыта","Линейные","3089.4300000000003","2024-05-01 03:00:00","0.0","0.0","1","К02 Двигатель ""Кубота"" Шмель 12 АМ9606-1","Татарстан (федеральные) \\2024\\","Татарстан (федеральные) \\2024\\"
"","","","","","","","","","К02 Шмель 12 А АМ 9606 1/866104029817668","",""
"","","","","","","","","","Р08 HYUNDAI VT (HD78)   В837ХР763","",""
"","","","","","","","","","Р08 HYUNDAI VT (HD78)   В837ХР763","",""
"__export__.roadmark_mrp_shift_work_shift_25386_20516ab2","К03 Медведь","Закрыта","Линейные","964.8100000000001","2024-05-01 04:30:00","3087.425","0.857618","2","К03 ШМЕЛЬ12А  АМ3348-1/862462039356935","Татарстан (федеральные) \\2024\\","Татарстан (федеральные) \\2024\\"
"","","","Линейные","","","","","","","Татарстан (федеральные) \\2024\\",""
"","","","Линейные","","","","","","","Татарстан (федеральные) \\2024\\",""
"","","","","","","","","","К03 Воздуходувка","",""
"","","","","","","","","","К03 HYUNDAI  АК 1163-1/357938020545695","",""
"","","","","","","","","","","","Татарстан (федеральные) \\2024\\"
"__export__.roadmark_mrp_shift_work_shift_25403_3df54e9c","Р19 Старикевич АА","Закрыта","Ручные","41.44","2024-05-01 04:54:00","0.0","0.0","2","Р06 Воздуходувка Штиль","Татарстан (федеральные) \\2024\\","Татарстан (федеральные) \\2024\\"
"","","","","","","","","","Р08 Генератор","",""
"","","","","","","","","","Р02 HYUNDAI АМ6919-1/357322047528085","",""
"","","","","","","","","","","","Татарстан (федеральные) \\2024\\"
"__export__.roadmark_mrp_shift_work_shift_25522_5e6bbf9f","Т01 Гранкин (Тычковочная)","Закрыта","","0.0","2024-05-01 05:30:00","0.0","0.0","0","Газель Next AP 9208-1","",""
"","","","","","","","","","Газель Next AP 9208-1","",""
"__export__.roadmark_mrp_shift_work_shift_25455_1589f0b4","К05 Наумчик","Закрыта","","0.0","2024-05-01 06:00:00","0.0","0.0","0","","",""
"__export__.roadmark_mrp_shift_work_shift_25504_8928cb38","П10 Валеев","Завершена","","0.0","2024-05-01 06:30:00","0.0","0.0","0","","",""
"__export__.roadmark_mrp_shift_work_shift_25426_97f6caec","К06 Камалов_","Закрыта","","0.0","2024-05-01 07:00:00","0.0","0.0","0","К06 ШМЕЛЬ 12А В146ВН763/359006055032886","",""
"","","","","","","","","","К06 HYUNDAI VT (HD78)  В784ХС763","",""
"","","","","","","","","","К06 ШМЕЛЬ 12А В146ВН763/359006055032886","",""
"","","","","","","","","","К06 HYUNDAI VT (HD78)  В784ХС763","",""
"__export__.roadmark_mrp_shift_work_shift_25421_c05f6eb9","П05 Чурак","Закрыта","","0.0","2024-05-01 07:00:00","0.0","0.0","0","","",""
"__export__.roadmark_mrp_shift_work_shift_25416_684fad8c","П06 Алькин","Закрыта","Линейные","598.95","2024-05-01 07:00:00","4768.927","0.0","1","Контур 1500 №27","Татарстан (федеральные) \\2024\\","Татарстан (федеральные) \\2024\\"
"","","","","","","","","","П06 воздуходувка","",""
"","","","","","","","","","Камаз P106CO716","",""
"","","","","","","","","","Газель Next М398хр716","",""
"","","","","","","","","","Газель Next М398хр716","",""
"__export__.roadmark_mrp_shift_work_shift_25398_d31100ba","П16 Колотилин","Закрыта","Линейные","444.86","2024-05-01 07:00:00","3931.87","0.0","1","П01 Контур 700 ТПК № 73","Татарстан (федеральные) \\2024\\","Татарстан (федеральные) \\2024\\"
"","","","","","","","","","П01 Вулкан 5000 №005/866795035231685","",""
"","","","","","","","","","Газель Next М946ХО716","",""
"","","","","","","","","","Камаз С340УВ716","",""
"","","","","","","","","","П01 Вулкан 5000 №005/866795035231685","",""
"","","","","","","","","","П01 Контур 700 ТПК № 73","",""
"","","","","","","","","","Газель Next М946ХО716","",""
"","","","","","","","","","Камаз С340УВ716","",""
"__export__.roadmark_mrp_shift_work_shift_25469_6a2c7146","П04 Старикевич","Закрыта","","0.0","2024-05-01 08:00:00","0.0","0.0","0","Газель Next AP5750-1","",""
"__export__.roadmark_mrp_shift_work_shift_25406_3b755f5f","П08 Латыев","Закрыта","","0.0","2024-05-01 08:00:00","0.0","0.0","0","","",""
"__export__.roadmark_mrp_shift_work_shift_25483_2f71ea1d","У02 Назарук","Закрыта","Линейные","611.34","2024-05-01 08:00:00","4347.306","1.207585","4","Контур 400 №5","Каменецкое ЖКХ \\2024\\","Каменецкое ЖКХ \\2024\\"
"","","","Линейные","","","","","","","Каменецкое ЖКХ \\2024\\",""
"","","","Линейные","","","","","","","Каменецкое ЖКХ \\2024\\",""
"","","","Линейные","","","","","","","Каменецкое ЖКХ \\2024\\",""
"","","","Линейные","","","","","","","Каменецкое ЖКХ \\2024\\",""
"","","","Линейные","","","","","","","Каменецкое ЖКХ \\2024\\",""
"","","","","","","","","","воздуходувка новая","",""
"","","","","","","","","","JAC N120 АР 5957-1","",""
"","","","","","","","","","ГАЗель NEXT АР5699-1","",""
"","","","","","","","","","Контур 400 №5","",""
"","","","","","","","","","","","Каменецкое ЖКХ \\2024\\"
"","","","","","","","","","","","Каменецкое ЖКХ \\2024\\"
"","","","","","","","","","","","Каменецкое ЖКХ \\2024\\"
"__export__.roadmark_mrp_shift_work_shift_25511_a81c0258","Р06 Христик","Закрыта","","0.0","2024-05-01 09:00:00","0.0","0.0","0","","",""
"__export__.roadmark_mrp_shift_work_shift_25414_0f692f43","К08 Семашко","Закрыта","Линейные","320.66","2024-05-01 09:00:00","2326.818","0.0","4","К01 Шмель 12А  АМ 4366-1 (аренда)","Лунинецкое ЖКХ \\2024\\","Лунинецкое ЖКХ \\2024\\"
"","","","","","","","","","","","Лунинецкое ЖКХ \\2024\\"
"","","","","","","","","","","","Лунинецкое ЖКХ \\2024\\"
"","","","","","","","","","","","Лунинецкое ЖКХ \\2024\\"
"__export__.roadmark_mrp_shift_work_shift_25400_7a4fb962","П13 Омелянчук","Закрыта","","0.0","2024-05-01 09:00:00","0.0","0.0","0","П08 ГАЗ NEXT АН 7654-1 (новый)","",""
"__export__.roadmark_mrp_shift_work_shift_25422_55a6aa2d","Р05 Шумик","Закрыта","Ручные","190.12","2024-05-01 09:00:00","0.0","0.0","2","Р05 LineLazer","г.п.Дрибин\\2024\\","г.п.Дрибин\\2024\\"
"","","","","","","","","","Р05 воздуходувка","",""
"","","","","","","","","","Р01 ISUZU  АК 5853-1/866039048467238","",""
"","","","","","","","","","Р05 воздуходувка","",""
"","","","","","","","","","Р05 LineLazer","",""
"","","","","","","","","","Р01 ISUZU  АК 5853-1/866039048467238","",""
"","","","","","","","","","","","г.п.Дрибин\\2024\\"
"__export__.roadmark_mrp_shift_work_shift_25445_d69cec9a","Р12 Симоненков","Закрыта","","0.0","2024-05-01 09:00:00","0.0","0.0","0","","",""
"__export__.roadmark_mrp_shift_work_shift_25586_d2e76150","Р13 Пиявка","Закрыта","Ручные","180.0","2024-05-01 09:00:00","0.0","0.0","2","Р13 Генератор ресанта БГ4000Р","ВАД Симферополь -Алушта - Ялта(временная разметка)\\2024\\","ВАД Симферополь -Алушта - Ялта(временная разметка)\\2024\\"
"","","","","","","","","","Р12 LineLazer Грако 3900","",""
"","","","","","","","","","Газель 330232 Е064ВХ763","",""
"","","","","","","","","","","","ВАД Симферополь -Алушта - Ялта(временная разметка)\\2024\\"
"__export__.roadmark_mrp_shift_work_shift_25458_ebbb2aab","Р16 Симинский","Закрыта","","0.0","2024-05-01 09:35:00","0.0","0.0","0","","",""
"__export__.roadmark_mrp_shift_work_shift_25412_2b35e147","Р07 Расщибин","Закрыта","Ручные","90.0","2024-05-01 10:22:00","0.0","0.0","1","Р14 Воздуходувка Штиль","ВАД Симферополь -Алушта - Ялта(временная разметка)\\2024\\","ВАД Симферополь -Алушта - Ялта(временная разметка)\\2024\\"
"","","","","","","","","","Р14 Генератор Макита","",""
"","","","","","","","","","Газель Next M422XP-716","",""
"","","","","","","","","","Р14 Генератор Макита","",""
"__export__.roadmark_mrp_shift_work_shift_25697_c076d74d","Р20 Кузюбердин","Закрыта","Ручные","104.4","2024-05-01 11:04:00","0.0","0.0","1","Р01 LineLazer 200","Каменецкое ЖКХ \\2024\\","Каменецкое ЖКХ \\2024\\"
"","","","","","","","","","П04 ГАЗ  АН 0195-1/357322047495442","",""
"","","","","","","","","","П04 ГАЗ  АН 0195-1/357322047495442","",""
"__export__.roadmark_mrp_shift_work_shift_25440_3281f391","Р15 Коряков","Закрыта","","0.0","2024-05-01 15:44:00","0.0","0.0","0","","",""
"__export__.roadmark_mrp_shift_work_shift_25404_dfab490f","П09 Мартынюк","Закрыта","Линейные","1344.1200000000001","2024-05-01 18:00:00","0.0","0.0","4","Контур 750Т №003","Белгород 55млн. \\2024\\","Белгород 55млн. \\2024\\"
"","","","","","","","","","Вулкан 5000М №003","",""
"","","","","","","","","","Газель NEXT 5710 АР-1","",""
"","","","","","","","","","П01 МАЗ АМ 0041-1/865733029255734","",""
"","","","","","","","","","Контур 750Т №003","",""
"","","","","","","","","","Вулкан 5000М №003","",""
"","","","","","","","","","Газель NEXT 5710 АР-1","",""
"","","","","","","","","","","","Белгород 55млн. \\2024\\"
"","","","","","","","","","","","Белгород 55млн. \\2024\\"
"","","","","","","","","","","","Белгород 55млн. \\2024\\"
"__export__.roadmark_mrp_shift_work_shift_25438_872755b7","Д01 Жолнерук","Закрыта","Демаркировка","150.0","2024-05-01 20:00:00","0.0","0.0","0","Д01 MAN АН 8499-1 (демаркиратор)","Белгород 30млн. \\2024\\",""
"","","","","","","","","","Р07 HYUNDAI HD78 AI 1782-1/357322047475659","",""
"","","","","","","","","","Д01 MAN АН 8499-1 (демаркиратор)","",""
"__export__.roadmark_mrp_shift_work_shift_25441_637ec62b","Р17 Северенюк Д","Закрыта","","0.0","2024-05-01 20:00:00","0.0","0.0","0","","",""
"__export__.roadmark_mrp_shift_work_shift_25428_844522bb","Р18 Челлура","Закрыта","Ручные","234.46","2024-05-01 20:00:00","0.0","0.0","4","К05 LineLazer НОВЫЙ","Брест ( Для затрат)","Брест ( Для затрат)"
"","","","Ручные","","","","","","","ЛОДЭ, г. Брест \\2024\\",""
"","","","Ручные","","","","","","","ул. Ленина (Брестское ДЭП)\\2024\\",""
"","","","","","","","","","К05 LineLazer НОВЫЙ","",""
"","","","","","","","","","К05 LineLazer НОВЫЙ","",""
"","","","","","","","","","Газель Next AP 9207-1","",""
"","","","","","","","","","Газель Next AP 9207-1","",""
"","","","","","","","","","Газель Next AP 9207-1","",""
"","","","","","","","","","","","ЛОДЭ, г. Брест \\2024\\"
"","","","","","","","","","","","ул. Ленина (Брестское ДЭП)\\2024\\"
"","","","","","","","","","","","ул. Ленина (Брестское ДЭП)\\2024\\"
"__export__.roadmark_mrp_shift_work_shift_25735_db2244c1","Субподряд ООО Доруслуги(Белгород)","Завершена","","0.0","2024-05-01 20:12:00","0.0","0.0","0","","",""
"__export__.roadmark_mrp_shift_work_shift_25427_679414bb","К06 Камалов_","Закрыта","Линейные","1246.02","2024-05-01 21:00:00","0.0","0.0","1","К04 Двигатель ""Кубота""","Татарстан (Альметьевск гарантия 2022) \\2024\\","Татарстан (Альметьевск гарантия 2022) \\2024\\"
"","","","Ручные","","","","","","","Татарстан (Альметьевск гарантия 2022) \\2024\\",""
"","","","","","","","","","К06 HYUNDAI VT (HD78)  В784ХС763","",""
"__export__.roadmark_mrp_shift_work_shift_25429_4354b4f6","Субподряд ООО Дон Винил (Воронеж)","Закрыта","","0.0","2024-05-01 21:00:00","0.0","0.0","0","","",""
"__export__.roadmark_mrp_shift_work_shift_25424_c4fb00a5","Субподряд ООО Дорспец (Воронеж)","Закрыта","","0.0","2024-05-01 21:00:00","0.0","0.0","0","","",""
"__export__.roadmark_mrp_shift_work_shift_25430_670ce459","Субподряд ООО Дорспец(Белгород)","Закрыта","Ручные","125.17","2024-05-01 21:00:00","0.0","0.0","1","","Белгород 55млн. \\2024\\","Белгород 55млн. \\2024\\"
"__export__.roadmark_mrp_shift_work_shift_25431_51bac474","Субподряд ООО Мост (Воронеж)","Закрыта","Ручные","52.54","2024-05-01 21:58:00","0.0","0.0","0","","Воронеж \\2024\\",""
"","","","Ручные","","","","","","","Воронеж \\2024\\",""
"__export__.roadmark_mrp_shift_work_shift_25446_0e6f9bd8","П12 Крым","Закрыта","Линейные","91.28","2024-05-01 22:00:00","0.0","0.0","1","Контур 650 ХПЭ №37","Татарстан (федеральные) \\2024\\","Татарстан (федеральные) \\2024\\"
"","","","","","","","","","П02 МАЗ АМ 2272-1/868324026404942","",""
"","","","","","","","","","К04 ГАЗ  AM 6425-1/866192035488558","",""
"","","","","","","","","","П02 Генератор","",""
"","","","","","","","","","Контур 650 ХПЭ №37","",""
"__export__.roadmark_mrp_shift_work_shift_25432_56431d4d","Р03 Буравлев","Закрыта","Ручные","108.82000000000001","2024-05-01 22:00:00","0.0","0.0","2","","Воронеж \\2024\\","Воронеж \\2024\\"
"","","","","","","","","","","","Воронеж \\2024\\"
"__export__.roadmark_mrp_shift_work_shift_25534_d58b4357","П15 Северенюк","Закрыта","Линейные","250.28","2024-05-02 00:00:00","2896.036","0.0","1","П02 Контур 700 ТП №112/866039048482351","Татарстан (федеральные) \\2024\\","Татарстан (федеральные) \\2024\\"
"","","","","","","","","","Б1.1 МАЗ  АI7476-1/352964057749724","",""
"","","","","","","","","","Газель Next AP 9205-1","",""
"","","","","","","","","","П02 Вулкан 5000 (Аренда)","",""
"","","","","","","","","","П02 Вулкан 5000 (Аренда)","",""
"","","","","","","","","","П02 Контур 700 ТП №112/866039048482351","",""
"","","","","","","","","","Б1.1 МАЗ  АI7476-1/352964057749724","",""
"__export__.roadmark_mrp_shift_work_shift_25434_bda2b39e","Р19 Старикевич АА","Закрыта","Ручные","57.33","2024-05-02 02:00:00","0.0","0.0","2","Р08 Генератор","Татарстан (федеральные) \\2024\\","Татарстан (федеральные) \\2024\\"
"","","","Ручные","","","","","","","Татарстан (федеральные) \\2024\\",""
"","","","","","","","","","Р06 Воздуходувка Штиль","",""
"","","","","","","","","","Р02 HYUNDAI АМ6919-1/357322047528085","",""
"","","","","","","","","","","","Татарстан (федеральные) \\2024\\"
"__export__.roadmark_mrp_shift_work_shift_25444_f0affd02","К09 Сухонь","Закрыта","Линейные","3156.61","2024-05-02 02:34:00","6754.554","0.0","1","К04 Шмель 12  №41 АМ 9692-1/866104029819573","Татарстан (федеральные) \\2024\\","Татарстан (федеральные) \\2024\\"
"","","","","","","","","","Р05 HYUNDAI AI1781-1/357322047452450","",""
"","","","","","","","","","К04 Шмель 12  №41 АМ 9692-1/866104029819573","",""
"","","","","","","","","","Р05 HYUNDAI AI1781-1/357322047452450","",""
"__export__.roadmark_mrp_shift_work_shift_25492_9b064eb2","К10 Шелепов","Закрыта","","0.0","2024-05-02 03:00:00","0.0","0.0","0","К02 Шмель 12 А АМ 9606 1/866104029817668","",""
"","","","","","","","","","Р08 HYUNDAI VT (HD78)   В837ХР763","",""
"","","","","","","","","","К02 Шмель 12 А АМ 9606 1/866104029817668","",""
"","","","","","","","","","Р08 HYUNDAI VT (HD78)   В837ХР763","",""
"__export__.roadmark_mrp_shift_work_shift_25443_ddf777b8","Р04 Безсилко","Закрыта","Ручные","60.18","2024-05-02 03:00:00","0.0","0.0","1","Генератор DENZEL","Татарстан (федеральные) \\2024\\","Татарстан (федеральные) \\2024\\"
"","","","","","","","","","Р06 HYUNDAI AН 0302-1/866104029818096","",""
"__export__.roadmark_mrp_shift_work_shift_25436_8f99896d","К03 Медведь","Закрыта","","0.0","2024-05-02 04:00:00","0.0","0.0","0","","",""
"__export__.roadmark_mrp_shift_work_shift_25505_01a5d46e","П10 Валеев","Завершена","","0.0","2024-05-02 06:30:00","0.0","0.0","0","","",""
"__export__.roadmark_mrp_shift_work_shift_25450_a32e199a","П06 Алькин","Закрыта","Линейные","310.28000000000003","2024-05-02 07:00:00","0.0","0.0","1","П06 воздуходувка","Татарстан (федеральные) \\2024\\","Татарстан (федеральные) \\2024\\"
"","","","","","","","","","Контур 1500 №27","",""
"","","","","","","","","","П06 Электростанция","",""
"","","","","","","","","","Камаз P106CO716","",""
"","","","","","","","","","Газель Next М398хр716","",""
"","","","","","","","","","П06 Электростанция","",""
"","","","","","","","","","П06 воздуходувка","",""
"__export__.roadmark_mrp_shift_work_shift_25435_5043bf1b","П16 Колотилин","Закрыта","Линейные","444.86","2024-05-02 07:00:00","3216.742","0.0","1","П01 Вулкан 5000 №005/866795035231685","Татарстан (федеральные) \\2024\\","Татарстан (федеральные) \\2024\\"
"","","","","","","","","","П01 Контур 700 ТПК № 73","",""
"","","","","","","","","","Камаз С340УВ716","",""
"","","","","","","","","","Газель Next М946ХО716","",""
"__export__.roadmark_mrp_shift_work_shift_25523_dc8fd4f5","Т01 Гранкин (Тычковочная)","Закрыта","Ручные","11.88","2024-05-02 07:15:00","0.0","0.0","1","Газель Next AP 9208-1","ВАД СЕМ Крым //2024//","ВАД СЕМ Крым //2024//"
"__export__.roadmark_mrp_shift_work_shift_25471_1ac7da06","П04 Старикевич","Закрыта","Линейные","191.31","2024-05-02 08:00:00","0.0","0.0","4","Контур 750 №1","Татарстан (местные) \\2024\\","Татарстан (местные) \\2024\\"
"","","","","","","","","","Газель Next AP5750-1","",""
"","","","","","","","","","П04 МАЗ АН4994-1/4994","",""
"","","","","","","","","","Контур 750 №1","",""
"","","","","","","","","","Газель Next AP5750-1","",""
"","","","","","","","","","","","Татарстан (местные) \\2024\\"
"","","","","","","","","","","","Татарстан (местные) \\2024\\"
"","","","","","","","","","","","Татарстан (местные) \\2024\\"
"__export__.roadmark_mrp_shift_work_shift_25448_3d69abde","П08 Латыев","Закрыта","Линейные","1734.67","2024-05-02 08:00:00","0.0","0.0","1","П08 Воздуходувка","ВАД СЕМ Крым //2024//","ВАД СЕМ Крым //2024//"
"","","","","","","","","","П08 Вулкан 5000 №015/014","",""
"","","","","","","","","","П08 Контур 700 ТП №96/63АК1812","",""
"","","","","","","","","","Газель Next AP 9212-1","",""
"","","","","","","","","","П08 Камаз C311TM716","",""
"","","","","","","","","","Газель Next AP 9212-1","",""
"__export__.roadmark_mrp_shift_work_shift_25480_0924773e","Р18 Челлура","Закрыта","","0.0","2024-05-02 08:00:00","0.0","0.0","0","","",""
"__export__.roadmark_mrp_shift_work_shift_25578_58df3091","Р15 Коряков","Закрыта","","0.0","2024-05-02 08:04:00","0.0","0.0","0","","",""
"__export__.roadmark_mrp_shift_work_shift_25456_aacfccf4","К05 Наумчик","Закрыта","","0.0","2024-05-02 08:40:00","0.0","0.0","0","","",""
"__export__.roadmark_mrp_shift_work_shift_25517_dfc67e85","Р06 Христик","Закрыта","","0.0","2024-05-02 09:00:00","0.0","0.0","0","","",""
"__export__.roadmark_mrp_shift_work_shift_25470_090c0540","К08 Семашко","Закрыта","","0.0","2024-05-02 09:00:00","0.0","0.0","0","","",""
"__export__.roadmark_mrp_shift_work_shift_25454_b1ec5536","П05 Чурак","Закрыта","","0.0","2024-05-02 09:00:00","0.0","0.0","0","","",""
"__export__.roadmark_mrp_shift_work_shift_25449_0cc0da1a","П13 Омелянчук","Закрыта","Линейные","173.19","2024-05-02 09:00:00","1528.849","0.42468","4","Вулкан 3000 новый","ВАД Феодосия - Владиславовка //2024//","ВАД Феодосия - Владиславовка //2024//"
"","","","","","","","","","Контур 400 № 009-6","",""
"","","","","","","","","","П08 ГАЗ NEXT АН 7654-1 (новый)","",""
"","","","","","","","","","Вулкан 3000 новый","",""
"","","","","","","","","","Контур 400 № 009-6","",""
"","","","","","","","","","","","ВАД Феодосия - Владиславовка //2024//"
"","","","","","","","","","","","ВАД Феодосия - Владиславовка //2024//"
"","","","","","","","","","","","ВАД Феодосия - Владиславовка //2024//"
"__export__.roadmark_mrp_shift_work_shift_25634_8360056c","Р12 Симоненков","Закрыта","","0.0","2024-05-02 09:00:00","0.0","0.0","0","","",""
"__export__.roadmark_mrp_shift_work_shift_25588_5e26be86","Р13 Пиявка","Закрыта","Ручные","1.98","2024-05-02 09:00:00","0.0","0.0","1","Газель 330232 Е064ВХ763","ВАД Феодосия - Владиславовка //2024//","ВАД Феодосия - Владиславовка //2024//"
"__export__.roadmark_mrp_shift_work_shift_25451_3fb54c26","Р07 Расщибин","Закрыта","","0.0","2024-05-02 09:16:00","0.0","0.0","0","Газель Next M422XP-716","",""
"","","","","","","","","","Газель Next M422XP-716","",""
"__export__.roadmark_mrp_shift_work_shift_25698_af53d874","Р20 Кузюбердин","Закрыта","","0.0","2024-05-02 09:30:00","0.0","0.0","0","","",""
"__export__.roadmark_mrp_shift_work_shift_25447_5ce7c1a6","Р05 Шумик","Закрыта","Ручные","208.8","2024-05-02 10:00:00","0.0","0.0","1","Р05 LineLazer","г.Мстиславль\\2024\\","г.Мстиславль\\2024\\"
"","","","","","","","","","Р05 LineLazer","",""
"","","","","","","","","","Р01 ISUZU  АК 5853-1/866039048467238","",""
"__export__.roadmark_mrp_shift_work_shift_25513_d8251d06","П12 Крым","Закрыта","","0.0","2024-05-02 14:00:00","0.0","0.0","0","К04 ГАЗ  AM 6425-1/866192035488558","",""
"","","","","","","","","","К04 ГАЗ  AM 6425-1/866192035488558","",""
"__export__.roadmark_mrp_shift_work_shift_25485_a5ec76b9","У02 Назарук","Закрыта","Линейные","54.54","2024-05-02 18:00:00","495.255","0.137571","4","Контур 400 №5","Каменецкое ЖКХ \\2024\\","Каменецкое ЖКХ \\2024\\"
"","","","Линейные","","","","","","","Каменецкое ЖКХ \\2024\\",""
"","","","","","","","","","JAC N120 АР 5957-1","",""
"","","","","","","","","","ГАЗель NEXT АР5699-1","",""
"","","","","","","","","","Контур 400 №5","",""
"","","","","","","","","","ГАЗель NEXT АР5699-1","",""
"","","","","","","","","","","","Каменецкое ЖКХ \\2024\\"
"","","","","","","","","","","","Каменецкое ЖКХ \\2024\\"
"","","","","","","","","","","","Каменецкое ЖКХ \\2024\\"
"__export__.roadmark_mrp_shift_work_shift_25482_7fb07d5d","Д01 Жолнерук","Закрыта","Демаркировка","25.0","2024-05-02 18:30:00","0.0","0.0","0","Д01 MAN АН 8499-1 (демаркиратор)","Белгород 30млн. \\2024\\",""
"","","","","","","","","","Р07 HYUNDAI HD78 AI 1782-1/357322047475659","",""
"","","","","","","","","","Д01 MAN АН 8499-1 (демаркиратор)","",""
"__export__.roadmark_mrp_shift_work_shift_25464_666fe40f","П09 Мартынюк","Закрыта","Линейные","1280.6200000000001","2024-05-02 19:00:00","0.0","0.0","4","Контур 750Т №003","Белгород 55млн. \\2024\\","Белгород 55млн. \\2024\\"
"","","","","","","","","","Вулкан 5000М №003","",""
"","","","","","","","","","Газель NEXT 5710 АР-1","",""
"","","","","","","","","","П01 МАЗ АМ 0041-1/865733029255734","",""
"","","","","","","","","","Контур 750Т №003","",""
"","","","","","","","","","Вулкан 5000М №003","",""
"","","","","","","","","","","","Белгород 55млн. \\2024\\"
"","","","","","","","","","","","Белгород 55млн. \\2024\\"
"","","","","","","","","","","","Белгород 55млн. \\2024\\"
"__export__.roadmark_mrp_shift_work_shift_25474_459acc49","Р17 Северенюк Д","Закрыта","Ручные","60.84","2024-05-02 20:00:00","0.0","0.0","1","Бензогенератор Бизон ГБ-2700/03","Белгород 30млн. \\2024\\","Белгород 30млн. \\2024\\"
"","","","Ручные","","","","","","","Белгород 30млн. \\2024\\",""
"","","","Ручные","","","","","","","Белгород 30млн. \\2024\\",""
"","","","Ручные","","","","","","","Белгород 30млн. \\2024\\",""
"","","","Ручные","","","","","","","Белгород 30млн. \\2024\\",""
"","","","","","","","","","Р02 воздуходувка/123","",""
"","","","","","","","","","Р03 ГАЗ NEXT АН 7652-1 (новый)","",""
"","","","","","","","","","Р03 ГАЗ NEXT АН 7652-1 (новый)","",""
"__export__.roadmark_mrp_shift_work_shift_25477_5004b9fc","К06 Камалов_","Закрыта","Линейные","569.57","2024-05-02 21:00:00","0.0","0.0","1","К04 Двигатель ""Кубота""","Татарстан (Альметьевск гарантия 2022) \\2024\\","Татарстан (Альметьевск гарантия 2022) \\2024\\"
"","","","Линейные","","","","","","","Татарстан (Альметьевск гарантия 2022) \\2024\\",""
"","","","Линейные","","","","","","","Татарстан (Альметьевск гарантия 2022) \\2024\\",""
"","","","Ручные","","","","","","","Татарстан (Альметьевск гарантия 2022) \\2024\\",""
"","","","","","","","","","К06 ШМЕЛЬ 12А В146ВН763/359006055032886","",""
"","","","","","","","","","К06 HYUNDAI VT (HD78)  В784ХС763","",""
"","","","","","","","","","К06 ШМЕЛЬ 12А В146ВН763/359006055032886","",""
"","","","","","","","","","К04 Двигатель ""Кубота""","",""
"__export__.roadmark_mrp_shift_work_shift_25463_aad8f9a9","Субподряд ООО Дон Винил (Воронеж)","Закрыта","Ручные","1059.99","2024-05-02 21:00:00","0.0","0.0","1","","Воронеж \\2024\\","Воронеж \\2024\\"
"","","","Ручные","","","","","","","Воронеж \\2024\\",""
"","","","Ручные","","","","","","","Воронеж \\2024\\",""
"","","","Линейные","","","","","","","Воронеж \\2024\\",""
"","","","Линейные","","","","","","","Воронеж \\2024\\",""
"__export__.roadmark_mrp_shift_work_shift_25462_879d1106","Субподряд ООО Дорспец (Воронеж)","Закрыта","","0.0","2024-05-02 21:00:00","0.0","0.0","0","","",""
"__export__.roadmark_mrp_shift_work_shift_25461_df931688","Субподряд ООО Дорспец(Белгород)","Закрыта","Ручные","71.99","2024-05-02 21:00:00","0.0","0.0","1","","Белгород 55млн. \\2024\\","Белгород 55млн. \\2024\\"
"__export__.roadmark_mrp_shift_work_shift_25459_455d6a26","Р16 Симинский","Закрыта","Ручные","181.76","2024-05-02 21:36:00","0.0","0.0","1","К05 ГАЗ NEXT АР 0414-1 (новый)","Белгород 55млн. \\2024\\","Белгород 55млн. \\2024\\"
"","","","","","","","","","К05 ГАЗ NEXT АР 0414-1 (новый)","",""
"__export__.roadmark_mrp_shift_work_shift_25460_d3945aea","Р03 Буравлев","Закрыта","Ручные","160.20000000000002","2024-05-02 21:45:00","0.0","0.0","1","","Воронеж \\2024\\","Воронеж \\2024\\"
"__export__.roadmark_mrp_shift_work_shift_25491_acd9d705","Субподряд ООО Доруслуги(Белгород)","Закрыта","Ручные","114.92","2024-05-02 22:08:00","0.0","0.0","0","","Белгород 55млн. \\2024\\",""
"__export__.roadmark_mrp_shift_work_shift_25465_81495a3b","Субподряд ООО Мост (Воронеж)","Закрыта","Линейные","0.0","2024-05-02 22:16:00","0.0","0.0","0","","Воронеж \\2024\\",""
"__export__.roadmark_mrp_shift_work_shift_25453_4c3c1435","К03 Медведь","Закрыта","Линейные","144.38","2024-05-03 02:30:00","0.0","0.0","1","К03 HYUNDAI  АК 1163-1/357938020545695","Татарстан (федеральные) \\2024\\","Татарстан (федеральные) \\2024\\"
"","","","","","","","","","К03 ШМЕЛЬ12А  АМ3348-1/862462039356935","",""
"","","","","","","","","","К03 HYUNDAI  АК 1163-1/357938020545695","",""
"","","","","","","","","","К03 ШМЕЛЬ12А  АМ3348-1/862462039356935","",""
"__export__.roadmark_mrp_shift_work_shift_25506_b5362755","П10 Валеев","Завершена","","0.0","2024-05-03 03:15:00","0.0","0.0","0","П06 ГАЗ АН 8428-1","",""
"__export__.roadmark_mrp_shift_work_shift_25507_b7301354","П06 Алькин","Закрыта","","0.0","2024-05-03 07:00:00","0.0","0.0","0","П06 Электростанция","",""
"__export__.roadmark_mrp_shift_work_shift_25487_b19fde00","П16 Колотилин","Закрыта","Линейные","337.94","2024-05-03 07:00:00","0.0","0.0","1","П01 Воздуходувка","Татарстан (федеральные) \\2024\\","Татарстан (федеральные) \\2024\\"
"","","","","","","","","","П01 Контур 700 ТПК № 73","",""
"","","","","","","","","","П01 Вулкан 5000 №005/866795035231685","",""
"","","","","","","","","","Газель Next М946ХО716","",""
"","","","","","","","","","Камаз С340УВ716","",""
"","","","","","","","","","П01 Воздуходувка","",""
"","","","","","","","","","П01 Контур 700 ТПК № 73","",""
"","","","","","","","","","П01 Вулкан 5000 №005/866795035231685","",""
"__export__.roadmark_mrp_shift_work_shift_25524_7e87d190","Т01 Гранкин (Тычковочная)","Закрыта","Ручные","23.76","2024-05-03 07:30:00","0.0","0.0","1","Газель Next AP 9208-1","ВАД СЕМ Крым //2024//","ВАД СЕМ Крым //2024//"
"","","","","","","","","","Газель Next AP 9208-1","",""
"__export__.roadmark_mrp_shift_work_shift_25488_543bc3a3","К09 Сухонь","Закрыта","","0.0","2024-05-03 07:48:00","0.0","0.0","0","","",""
"__export__.roadmark_mrp_shift_work_shift_25494_00e846ca","К10 Шелепов","Закрыта","","0.0","2024-05-03 08:00:00","0.0","0.0","0","","",""
"__export__.roadmark_mrp_shift_work_shift_25542_3aad67a8","П04 Старикевич","Закрыта","","0.0","2024-05-03 08:00:00","0.0","0.0","0","Газель Next AP5750-1","",""
"__export__.roadmark_mrp_shift_work_shift_25475_3c21f2a0","П08 Латыев","Закрыта","Линейные","927.16","2024-05-03 08:00:00","0.0","0.0","1","П08 Воздуходувка","ВАД СЕМ Крым //2024//","ВАД СЕМ Крым //2024//"
"","","","","","","","","","П08 Вулкан 5000 №015/014","",""
"","","","","","","","","","П08 Контур 700 ТП №96/63АК1812","",""
"","","","","","","","","","П08 Бензогенератор","",""
"","","","","","","","","","П08 Камаз C311TM716","",""
"","","","","","","","","","Газель Next AP 9212-1","",""
"__export__.roadmark_mrp_shift_work_shift_25496_310290f4","П13 Омелянчук","Закрыта","Линейные","788.1","2024-05-03 08:00:00","10717.691","2.977136","2","Контур 400 № 009-6","ВАД Феодосия - Владиславовка //2024//","ВАД Феодосия - Владиславовка //2024//"
"","","","","","","","","","Вулкан 3000 новый","",""
"","","","","","","","","","П08 ГАЗ NEXT АН 7654-1 (новый)","",""
"","","","","","","","","","JAC N120 АР 5964-1","",""
"","","","","","","","","","","","ВАД Феодосия - Владиславовка //2024//"
"__export__.roadmark_mrp_shift_work_shift_25495_80241230","Р05 Шумик","Закрыта","Ручные","210.48000000000002","2024-05-03 08:00:00","0.0","0.0","1","Р05 LineLazer","г.Мстиславль\\2024\\","г.Мстиславль\\2024\\"
"","","","","","","","","","Р05 воздуходувка","",""
"","","","","","","","","","Р01 ISUZU  АК 5853-1/866039048467238","",""
"__export__.roadmark_mrp_shift_work_shift_25721_d9c5e2dd","У02 Назарук","Закрыта","","0.0","2024-05-03 08:00:00","0.0","0.0","0","","",""
"__export__.roadmark_mrp_shift_work_shift_25579_6da66bc9","Р15 Коряков","Закрыта","","0.0","2024-05-03 08:07:00","0.0","0.0","0","","",""
"__export__.roadmark_mrp_shift_work_shift_25508_ef744e10","Р07 Расщибин","Закрыта","","0.0","2024-05-03 08:38:00","0.0","0.0","0","Газель Next M422XP-716","",""
"","","","","","","","","","Газель Next M422XP-716","",""
"__export__.roadmark_mrp_shift_work_shift_25473_cf0b3155","П17 Шокайло","Закрыта","","0.0","2024-05-03 08:56:00","0.0","0.0","0","","",""
"__export__.roadmark_mrp_shift_work_shift_25518_aac6b300","К02 Христик","Закрыта","","0.0","2024-05-03 09:00:00","0.0","0.0","0","","",""
"__export__.roadmark_mrp_shift_work_shift_25493_dda6188e","К08 Семашко","Закрыта","Линейные","469.44","2024-05-03 09:00:00","3068.07","0.0","2","К01 Шмель 12А  АМ 4366-1 (аренда)","Лунинецкое ЖКХ \\2024\\","Лунинецкое ЖКХ \\2024\\"
"","","","","","","","","","К01 Шмель 12А  АМ 4366-1 (аренда)","",""
"","","","","","","","","","","","Лунинецкое ЖКХ \\2024\\"
"__export__.roadmark_mrp_shift_work_shift_25635_2f863137","Р12 Симоненков","Закрыта","","0.0","2024-05-03 09:00:00","0.0","0.0","0","","",""
"__export__.roadmark_mrp_shift_work_shift_25589_5f0ead26","Р13 Пиявка","Закрыта","","0.0","2024-05-03 09:00:00","0.0","0.0","0","","",""
"__export__.roadmark_mrp_shift_work_shift_25486_01a62312","Р19 Старикевич АА","Закрыта","","0.0","2024-05-03 09:14:00","0.0","0.0","0","Р02 HYUNDAI АМ6919-1/357322047528085","",""
"__export__.roadmark_mrp_shift_work_shift_25549_79c3b38d","Р04 Безсилко","Закрыта","","0.0","2024-05-03 10:00:00","0.0","0.0","0","Р06 HYUNDAI AН 0302-1/866104029818096","",""
"__export__.roadmark_mrp_shift_work_shift_25612_6d95b2ca","Р20 Кузюбердин","Закрыта","Ручные","84.0","2024-05-03 10:00:00","0.0","0.0","1","Р01 LineLazer 200","г.Малорита \\2024\\","г.Малорита \\2024\\"
"","","","","","","","","","П04 ГАЗ  АН 0195-1/357322047495442","",""
"__export__.roadmark_mrp_shift_work_shift_25535_c1c8501b","П15 Северенюк","Закрыта","","0.0","2024-05-03 11:00:00","0.0","0.0","0","Газель Next AP 9205-1","",""
"__export__.roadmark_mrp_shift_work_shift_25514_fa38a872","П12 Крым","Закрыта","","0.0","2024-05-03 12:00:00","0.0","0.0","0","","",""
"__export__.roadmark_mrp_shift_work_shift_25481_c596ba32","Р18 Челлура","Закрыта","Ручные","152.04","2024-05-03 12:00:00","0.0","0.0","2","К05 LineLazer НОВЫЙ","г.Малорита \\2024\\","г.Малорита \\2024\\"
"","","","","","","","","","Газель Next AP 9207-1","",""
"","","","","","","","","","","","г.Малорита \\2024\\"
"__export__.roadmark_mrp_shift_work_shift_25526_09e29abb","К05 Наумчик","Закрыта","","0.0","2024-05-03 17:00:00","0.0","0.0","0","","",""
"__export__.roadmark_mrp_shift_work_shift_25520_9ae69a03","К01 Чурак","Завершена","Линейные","172.65","2024-05-03 17:00:00","0.0","0.0","1","Контур 750Х №004-002","г. Алматы \\2024\\","г. Алматы \\2024\\"
"","","","","","","","","","Контур 750Х №004-002","",""
"__export__.roadmark_mrp_shift_work_shift_25568_a041e625","П09 Мартынюк","Закрыта","","0.0","2024-05-03 18:00:00","0.0","0.0","0","","",""
"__export__.roadmark_mrp_shift_work_shift_25516_d868db2c","Д01 Жолнерук","Закрыта","Демаркировка","25.0","2024-05-03 20:00:00","0.0","0.0","0","Д01 MAN АН 8499-1 (демаркиратор)","Белгород 30млн. \\2024\\",""
"","","","","","","","","","Р07 HYUNDAI HD78 AI 1782-1/357322047475659","",""
"","","","","","","","","","Д01 MAN АН 8499-1 (демаркиратор)","",""
"__export__.roadmark_mrp_shift_work_shift_25519_51c52a49","К06 Камалов_","Закрыта","","0.0","2024-05-03 20:00:00","0.0","0.0","0","","",""
"__export__.roadmark_mrp_shift_work_shift_25544_670f94fd","Р17 Северенюк Д","Закрыта","","0.0","2024-05-03 20:00:00","0.0","0.0","0","","",""
"__export__.roadmark_mrp_shift_work_shift_25737_a25ed3d2","Субподряд ООО Доруслуги(Белгород)","Завершена","","0.0","2024-05-03 20:14:00","0.0","0.0","0","","",""
"__export__.roadmark_mrp_shift_work_shift_25509_367dfa64","Р03 Буравлев","Закрыта","Ручные","39.0","2024-05-03 20:35:00","0.0","0.0","2","","Воронеж \\2024\\","Воронеж \\2024\\"
"","","","","","","","","","","","Воронеж \\2024\\"
"__export__.roadmark_mrp_shift_work_shift_25553_7a72673c","Субподряд ООО Дон Винил (Воронеж)","Закрыта","Линейные","415.76","2024-05-03 21:00:00","0.0","0.0","1","","Воронеж \\2024\\","Воронеж \\2024\\"
"","","","Линейные","","","","","","","Воронеж \\2024\\",""
"","","","Линейные","","","","","","","Воронеж \\2024\\",""
"","","","Линейные","","","","","","","Воронеж \\2024\\",""
"","","","Линейные","","","","","","","Воронеж \\2024\\",""
"","","","Линейные","","","","","","","Воронеж \\2024\\",""
"","","","Ручные","","","","","","","Воронеж \\2024\\",""
"","","","Демаркировка","","","","","","","Воронеж \\2024\\",""
"__export__.roadmark_mrp_shift_work_shift_25559_718bd02a","Субподряд ООО Дорспец (Воронеж)","Закрыта","","0.0","2024-05-03 21:00:00","0.0","0.0","0","","",""
"__export__.roadmark_mrp_shift_work_shift_25562_264645a4","Субподряд ООО Дорспец(Белгород)","Завершена","","0.0","2024-05-03 21:01:00","0.0","0.0","0","","",""
"__export__.roadmark_mrp_shift_work_shift_25525_de2eb62e","Субподряд ООО Мост (Воронеж)","Закрыта","Линейные","0.0","2024-05-03 22:14:00","0.0","0.0","0","","Воронеж \\2024\\",""
"__export__.roadmark_mrp_shift_work_shift_25537_c34c4053","Р16 Симинский","Закрыта","","0.0","2024-05-03 23:39:00","0.0","0.0","0","","",""
"__export__.roadmark_mrp_shift_work_shift_25585_331e187f","Р15 Коряков","Закрыта","Ручные","72.8","2024-05-04 02:56:00","0.0","0.0","1","Р09 бензогенератор huter dy-4000","Татарстан (федеральные) \\2024\\","Татарстан (федеральные) \\2024\\"
"","","","","","","","","","Газ 330232 В447ХТ763","",""
"__export__.roadmark_mrp_shift_work_shift_25687_666e63cd","П10 Валеев","Завершена","","0.0","2024-05-04 02:59:00","0.0","0.0","0","","",""
"__export__.roadmark_mrp_shift_work_shift_25515_ece29b13","К03 Медведь","Закрыта","Линейные","80.85000000000001","2024-05-04 04:00:00","0.0","0.0","1","К03 ШМЕЛЬ12А  АМ3348-1/862462039356935","Татарстан (федеральные) \\2024\\","Татарстан (федеральные) \\2024\\"
"","","","","","","","","","К03 HYUNDAI  АК 1163-1/357938020545695","",""
"","","","","","","","","","К03 ШМЕЛЬ12А  АМ3348-1/862462039356935","",""
"","","","","","","","","","К03 HYUNDAI  АК 1163-1/357938020545695","",""
"__export__.roadmark_mrp_shift_work_shift_25647_ad568858","К09 Сухонь","Закрыта","","0.0","2024-05-04 06:17:00","0.0","0.0","0","","",""
"__export__.roadmark_mrp_shift_work_shift_25531_30125ec6","К10 Шелепов","Закрыта","Линейные","3245.66","2024-05-04 07:00:00","12136.481","0.0","1","К02 Двигатель ""Кубота"" Шмель 12 АМ9606-1","Самара \\2024\\","Самара \\2024\\"
"","","","","","","","","","К02 Шмель 12 А АМ 9606 1/866104029817668","",""
"","","","","","","","","","Р08 HYUNDAI VT (HD78)   В837ХР763","",""
"","","","","","","","","","Р08 HYUNDAI VT (HD78)   В837ХР763","",""
"__export__.roadmark_mrp_shift_work_shift_25532_17279c4c","П06 Алькин","Закрыта","Линейные","388.26","2024-05-04 07:00:00","0.0","0.0","2","П06 Электростанция","Татарстан (федеральные) \\2024\\","Татарстан (федеральные) \\2024\\"
"","","","Линейные","","","","","","","Татарстан (федеральные) \\2024\\",""
"","","","","","","","","","П06 воздуходувка","",""
"","","","","","","","","","Контур 1500 №27","",""
"","","","","","","","","","Камаз P106CO716","",""
"","","","","","","","","","Газель Next М398хр716","",""
"","","","","","","","","","Газель Next М398хр716","",""
"","","","","","","","","","","","Татарстан (федеральные) \\2024\\"
"__export__.roadmark_mrp_shift_work_shift_25521_2a5e29b8","П16 Колотилин","Закрыта","Линейные","262.11","2024-05-04 07:00:00","0.0","0.0","1","П01 Воздуходувка","Татарстан (федеральные) \\2024\\","Татарстан (федеральные) \\2024\\"
"","","","","","","","","","П01 Контур 700 ТПК № 73","",""
"","","","","","","","","","П01 Вулкан 5000 №005/866795035231685","",""
"","","","","","","","","","Газель Next М946ХО716","",""
"","","","","","","","","","Камаз С340УВ716","",""
"","","","","","","","","","П01 Контур 700 ТПК № 73","",""
"","","","","","","","","","П01 Вулкан 5000 №005/866795035231685","",""
"","","","","","","","","","Газель Next М946ХО716","",""
"__export__.roadmark_mrp_shift_work_shift_25527_fdc6d5f3","Р05 Шумик","Закрыта","Ручные","204.0","2024-05-04 07:00:00","0.0","0.0","1","Р05 воздуходувка","г.Мстиславль\\2024\\","г.Мстиславль\\2024\\"
"","","","","","","","","","Р05 LineLazer","",""
"","","","","","","","","","Р01 ISUZU  АК 5853-1/866039048467238","",""
"__export__.roadmark_mrp_shift_work_shift_25575_7dc939d9","Т01 Гранкин (Тычковочная)","Закрыта","Ручные","13.86","2024-05-04 07:00:00","0.0","0.0","1","Газель Next AP 9208-1","ВАД СЕМ Крым //2024//","ВАД СЕМ Крым //2024//"
"__export__.roadmark_mrp_shift_work_shift_25543_9532745a","П04 Старикевич","Закрыта","Линейные","605.23","2024-05-04 08:00:00","0.0","0.0","3","Контур 750 №1","Татарстан (местные) \\2024\\","Татарстан (местные) \\2024\\"
"","","","","","","","","","П04 МАЗ АН4994-1/4994","",""
"","","","","","","","","","Газель Next AP5750-1","",""
"","","","","","","","","","Контур 750 №1","",""
"","","","","","","","","","","","Татарстан (местные) \\2024\\"
"","","","","","","","","","","","Татарстан (местные) \\2024\\"
"__export__.roadmark_mrp_shift_work_shift_25530_d6814e80","П08 Латыев","Закрыта","Линейные","823.27","2024-05-04 08:00:00","0.0","0.0","1","П08 Воздуходувка","ВАД СЕМ Крым //2024//","ВАД СЕМ Крым //2024//"
"","","","","","","","","","П08 Контур 700 ТП №96/63АК1812","",""
"","","","","","","","","","П08 Вулкан 5000 №015/014","",""
"","","","","","","","","","Газель Next AP 9212-1","",""
"","","","","","","","","","П08 Камаз C311TM716","",""
"","","","","","","","","","П08 Контур 700 ТП №96/63АК1812","",""
"","","","","","","","","","П08 Вулкан 5000 №015/014","",""
"","","","","","","","","","П08 Камаз C311TM716","",""
"","","","","","","","","","Газель Next AP 9212-1","",""
"__export__.roadmark_mrp_shift_work_shift_25533_607d0949","П12 Крым","Закрыта","Линейные","362.29","2024-05-04 08:00:00","4938.069","0.0","1","Контур 650 ХПЭ №37","Татарстан (федеральные) \\2024\\","Татарстан (федеральные) \\2024\\"
"","","","","","","","","","П02 МАЗ АМ 2272-1/868324026404942","",""
"","","","","","","","","","К04 ГАЗ  AM 6425-1/866192035488558","",""
"","","","","","","","","","Контур 650 ХПЭ №37","",""
"","","","","","","","","","К04 ГАЗ  AM 6425-1/866192035488558","",""
"__export__.roadmark_mrp_shift_work_shift_25669_bcc5efb7","П17 Шокайло","Закрыта","","0.0","2024-05-04 08:00:00","0.0","0.0","0","П02 ГАЗ  АН 0194-1/866104029818179","",""
"","","","","","","","","","JAC N120 АР 5962-1","",""
"","","","","","","","","","JAC N120 АР 5962-1","",""
"","","","","","","","","","П02 ГАЗ  АН 0194-1/866104029818179","",""
"__export__.roadmark_mrp_shift_work_shift_25630_e57d40eb","Р18 Челлура","Закрыта","","0.0","2024-05-04 08:00:00","0.0","0.0","0","","",""
"__export__.roadmark_mrp_shift_work_shift_25565_9d745300","Р16 Симинский","Закрыта","","0.0","2024-05-04 08:07:00","0.0","0.0","0","","",""
"__export__.roadmark_mrp_shift_work_shift_25609_c1135edd","Р07 Расщибин","Закрыта","","0.0","2024-05-04 08:57:00","0.0","0.0","0","Газель Next M422XP-716","",""
"__export__.roadmark_mrp_shift_work_shift_25642_1703a968","К02 Христик","Закрыта","","0.0","2024-05-04 09:00:00","0.0","0.0","0","","",""
"__export__.roadmark_mrp_shift_work_shift_25538_28efebfe","К08 Семашко","Закрыта","Линейные","459.71000000000004","2024-05-04 09:00:00","0.0","0.0","4","К01 Шмель 12А  АМ 4366-1 (аренда)","г. Полоцк \\2024\\","г. Полоцк \\2024\\"
"","","","","","","","","","К01 Шмель 12А  АМ 4366-1 (аренда)","",""
"","","","","","","","","","","","г. Полоцк \\2024\\"
"","","","","","","","","","","","г. Полоцк \\2024\\"
"","","","","","","","","","","","г. Полоцк \\2024\\"
"__export__.roadmark_mrp_shift_work_shift_25528_ef8923de","П13 Омелянчук","Закрыта","Линейные","236.83","2024-05-04 09:00:00","1727.282","0.479801","3","Контур 400 № 009-6","ВАД Феодосия - Владиславовка //2024//","ВАД Феодосия - Владиславовка //2024//"
"","","","","","","","","","Вулкан 3000 новый","",""
"","","","","","","","","","П08 ГАЗ NEXT АН 7654-1 (новый)","",""
"","","","","","","","","","JAC N120 АР 5964-1","",""
"","","","","","","","","","Контур 400 № 009-6","",""
"","","","","","","","","","Вулкан 3000 новый","",""
"","","","","","","","","","","","ВАД Феодосия - Владиславовка //2024//"
"","","","","","","","","","","","ВАД Феодосия - Владиславовка //2024//"
"__export__.roadmark_mrp_shift_work_shift_25636_2d1bd3d6","Р12 Симоненков","Закрыта","","0.0","2024-05-04 09:00:00","0.0","0.0","0","","",""
"__export__.roadmark_mrp_shift_work_shift_25590_66d3677c","Р13 Пиявка","Закрыта","","0.0","2024-05-04 09:00:00","0.0","0.0","0","","",""
"__export__.roadmark_mrp_shift_work_shift_25529_842a1d44","Р19 Старикевич АА","Закрыта","Ручные","53.58","2024-05-04 09:00:00","0.0","0.0","1","Р08 Генератор","Татарстан (федеральные) \\2024\\","Татарстан (федеральные) \\2024\\"
"","","","","","","","","","Р06 Воздуходувка Штиль","",""
"","","","","","","","","","K01 Line Lazer","",""
"","","","","","","","","","Р02 HYUNDAI АМ6919-1/357322047528085","",""
"__export__.roadmark_mrp_shift_work_shift_25536_67a0ca19","П15 Северенюк","Закрыта","Линейные","344.41","2024-05-04 10:00:00","1245.239","0.0","1","П02 Вулкан 5000 (Аренда)","Татарстан (федеральные) \\2024\\","Татарстан (федеральные) \\2024\\"
"","","","","","","","","","П02 Контур 700 ТП №112/866039048482351","",""
"","","","","","","","","","Б1.1 МАЗ  АI7476-1/352964057749724","",""
"","","","","","","","","","Газель Next AP 9205-1","",""
"","","","","","","","","","П02 Контур 700 ТП №112/866039048482351","",""
"","","","","","","","","","П02 Вулкан 5000 (Аренда)","",""
"","","","","","","","","","Газель Next AP 9205-1","",""
"__export__.roadmark_mrp_shift_work_shift_25550_f34c68ff","Р04 Безсилко","Закрыта","Ручные","74.46000000000001","2024-05-04 10:00:00","0.0","0.0","1","Генератор DENZEL","Татарстан (федеральные) \\2024\\","Татарстан (федеральные) \\2024\\"
"","","","","","","","","","Р06 HYUNDAI AН 0302-1/866104029818096","",""
"","","","","","","","","","Р06 HYUNDAI AН 0302-1/866104029818096","",""
"__export__.roadmark_mrp_shift_work_shift_25725_679ef85c","У02 Назарук","Закрыта","","0.0","2024-05-04 10:00:00","0.0","0.0","0","","",""
"__export__.roadmark_mrp_shift_work_shift_25615_e9ddb54e","Р20 Кузюбердин","Закрыта","","0.0","2024-05-04 10:20:00","0.0","0.0","0","П04 ГАЗ  АН 0195-1/357322047495442","",""
"","","","","","","","","","П04 ГАЗ  АН 0195-1/357322047495442","",""
"__export__.roadmark_mrp_shift_work_shift_25621_62007e68","К05 Наумчик","Закрыта","","0.0","2024-05-04 16:00:00","0.0","0.0","0","","",""
"__export__.roadmark_mrp_shift_work_shift_25541_f5796965","К01 Чурак","Завершена","Линейные","321.08","2024-05-04 16:30:00","0.0","0.0","1","Контур 750Х №004-002","г. Алматы \\2024\\","г. Алматы \\2024\\"
"__export__.roadmark_mrp_shift_work_shift_25540_44c5dfc9","Д01 Жолнерук","Закрыта","Демаркировка","70.0","2024-05-04 18:30:00","0.0","0.0","0","Д01 MAN АН 8499-1 (демаркиратор)","Белгород 30млн. \\2024\\",""
"","","","","","","","","","Р07 HYUNDAI HD78 AI 1782-1/357322047475659","",""
"","","","","","","","","","Д01 MAN АН 8499-1 (демаркиратор)","",""
"","","","","","","","","","Р07 HYUNDAI HD78 AI 1782-1/357322047475659","",""
"__export__.roadmark_mrp_shift_work_shift_25555_ff579cc7","К06 Камалов_","Закрыта","Линейные","587.42","2024-05-04 19:00:00","1674.629","0.0","2","К06 ШМЕЛЬ 12А В146ВН763/359006055032886","Татарстан (Альметьевск гарантия 2022) \\2024\\","Татарстан (Альметьевск гарантия 2022) \\2024\\"
"","","","Линейные","","","","","","","Татарстан (Альметьевск гарантия 2022) \\2024\\",""
"","","","Ручные","","","","","","","Татарстан (Альметьевск гарантия 2022) \\2024\\",""
"","","","","","","","","","К04 Двигатель ""Кубота""","",""
"","","","","","","","","","К06 HYUNDAI VT (HD78)  В784ХС763","",""
"","","","","","","","","","К06 HYUNDAI VT (HD78)  В784ХС763","",""
"","","","","","","","","","","","Татарстан (Альметьевск гарантия 2022) \\2024\\"
"__export__.roadmark_mrp_shift_work_shift_25569_b2e655ea","П09 Мартынюк","Закрыта","","0.0","2024-05-04 19:00:00","0.0","0.0","0","","",""
"__export__.roadmark_mrp_shift_work_shift_25545_4546ade9","Р17 Северенюк Д","Закрыта","","0.0","2024-05-04 20:00:00","0.0","0.0","0","","",""
"__export__.roadmark_mrp_shift_work_shift_25738_9006ec2b","Субподряд ООО Доруслуги(Белгород)","Завершена","","0.0","2024-05-04 20:14:00","0.0","0.0","0","","",""
"__export__.roadmark_mrp_shift_work_shift_25547_b6c1ddd8","Р03 Буравлев","Закрыта","","0.0","2024-05-04 21:00:00","0.0","0.0","0","","",""
"__export__.roadmark_mrp_shift_work_shift_25554_cd02fbc6","Субподряд ООО Дон Винил (Воронеж)","Закрыта","Линейные","661.91","2024-05-04 21:00:00","0.0","0.0","1","","Воронеж \\2024\\","Воронеж \\2024\\"
"","","","Ручные","","","","","","","Воронеж \\2024\\",""
"__export__.roadmark_mrp_shift_work_shift_25560_b9995a45","Субподряд ООО Дорспец (Воронеж)","Закрыта","","0.0","2024-05-04 21:00:00","0.0","0.0","0","","",""
"__export__.roadmark_mrp_shift_work_shift_25563_d798695e","Субподряд ООО Дорспец(Белгород)","Завершена","","0.0","2024-05-04 23:02:00","0.0","0.0","0","","",""
"__export__.roadmark_mrp_shift_work_shift_25616_a4f983c9","П15 Северенюк","Закрыта","Линейные","139.17000000000002","2024-05-05 03:00:00","852.02","0.0","1","П02 Контур 700 ТП №112/866039048482351","Татарстан (федеральные) \\2024\\","Татарстан (федеральные) \\2024\\"
"","","","","","","","","","П02 Вулкан 5000 (Аренда)","",""
"","","","","","","","","","Газель Next AP 9205-1","",""
"","","","","","","","","","Б1.1 МАЗ  АI7476-1/352964057749724","",""
"","","","","","","","","","П02 Контур 700 ТП №112/866039048482351","",""
"","","","","","","","","","П02 Вулкан 5000 (Аренда)","",""
"__export__.roadmark_mrp_shift_work_shift_25645_e594858b","Р15 Коряков","Закрыта","Ручные","63.6","2024-05-05 03:00:00","0.0","0.0","1","Р09 бензогенератор huter dy-4000","Татарстан (федеральные) \\2024\\","Татарстан (федеральные) \\2024\\"
"","","","","","","","","","Газ 330232 В447ХТ763","",""
"__export__.roadmark_mrp_shift_work_shift_25539_26ffa43b","К03 Медведь","Закрыта","Линейные","4264.65","2024-05-05 03:30:00","11732.083","3.258912","3","К03 HYUNDAI  АК 1163-1/357938020545695","Татарстан (местные) \\2024\\","Татарстан (местные) \\2024\\"
"","","","Линейные","","","","","","","Татарстан (местные) \\2024\\",""
"","","","","","","","","","К03 ШМЕЛЬ12А  АМ3348-1/862462039356935","",""
"","","","","","","","","","К03 Воздуходувка","",""
"","","","","","","","","","","","Татарстан (местные) \\2024\\"
"","","","","","","","","","","","Татарстан (местные) \\2024\\"
"__export__.roadmark_mrp_shift_work_shift_25648_a7148413","К09 Сухонь","Закрыта","","0.0","2024-05-05 05:19:00","0.0","0.0","0","","",""
"__export__.roadmark_mrp_shift_work_shift_25689_965a243c","П10 Валеев","Завершена","","0.0","2024-05-05 06:02:00","0.0","0.0","0","","",""
"__export__.roadmark_mrp_shift_work_shift_25605_a3d1e0bc","К10 Шелепов","Закрыта","Линейные","716.28","2024-05-05 07:00:00","8484.497","0.0","1","К02 Шмель 12 А АМ 9606 1/866104029817668","Самара \\2024\\","Самара \\2024\\"
"","","","","","","","","","К02 Двигатель ""Кубота"" Шмель 12 АМ9606-1","",""
"","","","","","","","","","Р08 HYUNDAI VT (HD78)   В837ХР763","",""
"","","","","","","","","","К02 Двигатель ""Кубота"" Шмель 12 АМ9606-1","",""
"","","","","","","","","","К02 Шмель 12 А АМ 9606 1/866104029817668","",""
"__export__.roadmark_mrp_shift_work_shift_25556_4274f4ec","П06 Алькин","Закрыта","Линейные","353.0","2024-05-05 07:00:00","0.0","0.0","1","П06 Электростанция","Татарстан (федеральные) \\2024\\","Татарстан (федеральные) \\2024\\"
"","","","","","","","","","Контур 1500 №27","",""
"","","","","","","","","","П06 воздуходувка","",""
"","","","","","","","","","Камаз P106CO716","",""
"","","","","","","","","","Газель Next М398хр716","",""
"__export__.roadmark_mrp_shift_work_shift_25546_7cc9ae87","П16 Колотилин","Закрыта","Линейные","350.08","2024-05-05 07:00:00","0.0","0.0","1","П01 Вулкан 5000 №005/866795035231685","Татарстан (федеральные) \\2024\\","Татарстан (федеральные) \\2024\\"
"","","","","","","","","","П01 Контур 700 ТПК № 73","",""
"","","","","","","","","","П01 Воздуходувка","",""
"","","","","","","","","","Газель Next М946ХО716","",""
"","","","","","","","","","Камаз С340УВ716","",""
"__export__.roadmark_mrp_shift_work_shift_25551_4842dd51","Р04 Безсилко","Закрыта","Ручные","63.480000000000004","2024-05-05 07:00:00","0.0","0.0","1","Генератор DENZEL","Татарстан (федеральные) \\2024\\","Татарстан (федеральные) \\2024\\"
"__export__.roadmark_mrp_shift_work_shift_25576_eb3ff51a","Т01 Гранкин (Тычковочная)","Закрыта","","0.0","2024-05-05 07:00:00","0.0","0.0","0","","",""
"__export__.roadmark_mrp_shift_work_shift_25584_1abe1cd3","П04 Старикевич","Закрыта","Линейные","456.23","2024-05-05 08:00:00","0.0","0.0","4","Контур 750 №1","Татарстан (местные) \\2024\\","Татарстан (местные) \\2024\\"
"","","","","","","","","","Газель Next AP5750-1","",""
"","","","","","","","","","П04 МАЗ АН4994-1/4994","",""
"","","","","","","","","","Контур 750 №1","",""
"","","","","","","","","","","","Татарстан (местные) \\2024\\"
"","","","","","","","","","","","Татарстан (местные) \\2024\\"
"","","","","","","","","","","","Татарстан (местные) \\2024\\"
"__export__.roadmark_mrp_shift_work_shift_25573_0e2d3fe2","П08 Латыев","Закрыта","","0.0","2024-05-05 08:00:00","0.0","0.0","0","","",""
"__export__.roadmark_mrp_shift_work_shift_25593_a32708f7","П12 Крым","Закрыта","Линейные","118.8","2024-05-05 08:00:00","2251.677","0.0","1","П02 Генератор","Татарстан (федеральные) \\2024\\","Татарстан (федеральные) \\2024\\"
"","","","","","","","","","Контур 650 ХПЭ №37","",""
"","","","","","","","","","П02 МАЗ АМ 2272-1/868324026404942","",""
"","","","","","","","","","К04 ГАЗ  AM 6425-1/866192035488558","",""
"","","","","","","","","","Контур 650 ХПЭ №37","",""
"__export__.roadmark_mrp_shift_work_shift_25583_d24442df","Р05 Шумик","Закрыта","","0.0","2024-05-05 08:00:00","0.0","0.0","0","","",""
"__export__.roadmark_mrp_shift_work_shift_25631_bcd19253","Р18 Челлура","Закрыта","","0.0","2024-05-05 08:00:00","0.0","0.0","0","","",""
"__export__.roadmark_mrp_shift_work_shift_25726_0b75cbbf","У02 Назарук","Завершена","Линейные","23.95","2024-05-05 08:00:00","361.324","0.100368","0","","Брест ( Для затрат)",""
"__export__.roadmark_mrp_shift_work_shift_25610_ce5cc787","Р07 Расщибин","Закрыта","","0.0","2024-05-05 08:07:00","0.0","0.0","0","","",""
"__export__.roadmark_mrp_shift_work_shift_25587_22570d36","Д01 Жолнерук","Закрыта","","0.0","2024-05-05 09:00:00","0.0","0.0","0","","",""
"__export__.roadmark_mrp_shift_work_shift_25643_2caf85b6","К02 Христик","Закрыта","","0.0","2024-05-05 09:00:00","0.0","0.0","0","","",""
"__export__.roadmark_mrp_shift_work_shift_25580_5517511b","П13 Омелянчук","Закрыта","","0.0","2024-05-05 09:00:00","0.0","0.0","0","","",""
"__export__.roadmark_mrp_shift_work_shift_25637_613fd2a6","Р12 Симоненков","Закрыта","","0.0","2024-05-05 09:00:00","0.0","0.0","0","","",""
"__export__.roadmark_mrp_shift_work_shift_25591_5943d3cc","Р13 Пиявка","Закрыта","","0.0","2024-05-05 09:00:00","0.0","0.0","0","","",""
"__export__.roadmark_mrp_shift_work_shift_25548_82a0260f","Р19 Старикевич АА","Закрыта","Ручные","73.60000000000001","2024-05-05 09:00:00","0.0","0.0","2","Р06 Воздуходувка Штиль","Татарстан (федеральные) \\2024\\","Татарстан (федеральные) \\2024\\"
"","","","","","","","","","K01 Line Lazer","",""
"","","","","","","","","","Р02 HYUNDAI АМ6919-1/357322047528085","",""
"","","","","","","","","","","","Татарстан (федеральные) \\2024\\"
"__export__.roadmark_mrp_shift_work_shift_25557_c37d91a0","К06 Камалов_","Закрыта","","0.0","2024-05-05 09:46:00","0.0","0.0","0","К06 ШМЕЛЬ 12А В146ВН763/359006055032886","",""
"__export__.roadmark_mrp_shift_work_shift_25558_f11b572d","П05 Чурак","Закрыта","","0.0","2024-05-05 10:00:00","0.0","0.0","0","","",""
"__export__.roadmark_mrp_shift_work_shift_25671_5c73ef3a","П17 Шокайло","Закрыта","","0.0","2024-05-05 11:00:00","0.0","0.0","0","Контур 400 №007-3","",""
"","","","","","","","","","П02 ГАЗ  АН 0194-1/866104029818179","",""
"","","","","","","","","","Контур 400 №007-3","",""
"","","","","","","","","","П02 ГАЗ  АН 0194-1/866104029818179","",""
"__export__.roadmark_mrp_shift_work_shift_25702_64de73f7","Р20 Кузюбердин","Закрыта","","0.0","2024-05-05 11:00:00","0.0","0.0","0","П04 ГАЗ  АН 0195-1/357322047495442","",""
"","","","","","","","","","П04 ГАЗ  АН 0195-1/357322047495442","",""
"__export__.roadmark_mrp_shift_work_shift_25570_40f2e6c0","П09 Мартынюк","Закрыта","Линейные","79.77","2024-05-05 18:00:00","0.0","0.0","4","Контур 750Т №003","Белгород 55млн. \\2024\\","Белгород 55млн. \\2024\\"
"","","","","","","","","","Вулкан 5000М №003","",""
"","","","","","","","","","","","Белгород 55млн. \\2024\\"
"","","","","","","","","","","","Белгород 55млн. \\2024\\"
"","","","","","","","","","","","Белгород 55млн. \\2024\\"
"__export__.roadmark_mrp_shift_work_shift_25572_eea15f28","К08 Семашко","Закрыта","Линейные","451.06","2024-05-05 20:00:00","2007.514","0.0","1","К01 Шмель 12А  АМ 4366-1 (аренда)","г. Полоцк \\2024\\","г. Полоцк \\2024\\"
"__export__.roadmark_mrp_shift_work_shift_25566_b617be97","Р17 Северенюк Д","Закрыта","Ручные","49.980000000000004","2024-05-05 20:00:00","0.0","0.0","1","Р03 ГАЗ NEXT АН 7652-1 (новый)","Белгород 30млн. \\2024\\","Белгород 30млн. \\2024\\"
"__export__.roadmark_mrp_shift_work_shift_25741_9794c9f1","Субподряд ООО Доруслуги(Белгород)","Завершена","","0.0","2024-05-05 20:16:00","0.0","0.0","0","","",""
"__export__.roadmark_mrp_shift_work_shift_25567_3cebf48b","Р16 Симинский","Закрыта","Ручные","49.980000000000004","2024-05-05 20:30:00","0.0","0.0","1","К05 ГАЗ NEXT АР 0414-1 (новый)","Белгород 30млн. \\2024\\","Белгород 30млн. \\2024\\"
"__export__.roadmark_mrp_shift_work_shift_25574_1ab551b0","Субподряд ООО Дон Винил (Воронеж)","Закрыта","","0.0","2024-05-05 21:00:00","0.0","0.0","0","","",""
"__export__.roadmark_mrp_shift_work_shift_25561_973477c8","Субподряд ООО Дорспец (Воронеж)","Закрыта","","0.0","2024-05-05 21:00:00","0.0","0.0","0","","",""
"__export__.roadmark_mrp_shift_work_shift_25564_c3dd7459","Субподряд ООО Дорспец(Белгород)","Завершена","","0.0","2024-05-05 21:03:00","0.0","0.0","0","","",""
"__export__.roadmark_mrp_shift_work_shift_25627_0fc0eda8","Субподряд ООО Мост (Воронеж)","Закрыта","Линейные","0.0","2024-05-05 21:32:00","0.0","0.0","0","","Воронеж \\2024\\",""
"__export__.roadmark_mrp_shift_work_shift_25581_521da2c7","Р03 Буравлев","Закрыта","","0.0","2024-05-05 22:00:00","0.0","0.0","0","","",""
"__export__.roadmark_mrp_shift_work_shift_25571_2340924f","К03 Медведь","Закрыта","","0.0","2024-05-06 04:00:00","0.0","0.0","0","К03 HYUNDAI  АК 1163-1/357938020545695","",""
"","","","","","","","","","К03 ШМЕЛЬ12А  АМ3348-1/862462039356935","",""
"","","","","","","","","","К03 HYUNDAI  АК 1163-1/357938020545695","",""
"","","","","","","","","","К03 ШМЕЛЬ12А  АМ3348-1/862462039356935","",""
"__export__.roadmark_mrp_shift_work_shift_25622_af794b56","К05 Наумчик","Закрыта","","0.0","2024-05-06 06:00:00","0.0","0.0","0","","",""
"__export__.roadmark_mrp_shift_work_shift_25690_c4d84f96","П10 Валеев","Завершена","","0.0","2024-05-06 06:03:00","0.0","0.0","0","","",""
"__export__.roadmark_mrp_shift_work_shift_25608_e07e8145","К10 Шелепов","Закрыта","Линейные","2228.32","2024-05-06 07:00:00","10445.541","0.0","1","К02 Шмель 12 А АМ 9606 1/866104029817668","Самара \\2024\\","Самара \\2024\\"
"","","","","","","","","","К02 Двигатель ""Кубота"" Шмель 12 АМ9606-1","",""
"","","","","","","","","","Р08 HYUNDAI VT (HD78)   В837ХР763","",""
"","","","","","","","","","Р08 HYUNDAI VT (HD78)   В837ХР763","",""
"__export__.roadmark_mrp_shift_work_shift_25600_66ba5fa5","П05 Чурак","Закрыта","","0.0","2024-05-06 07:00:00","0.0","0.0","0","","",""
"__export__.roadmark_mrp_shift_work_shift_25602_60db62f1","П16 Колотилин","Закрыта","","0.0","2024-05-06 07:00:00","0.0","0.0","0","Камаз С340УВ716","",""
"","","","","","","","","","Газель Next М946ХО716","",""
"","","","","","","","","","П01 Контур 700 ТПК № 73","",""
"","","","","","","","","","П01 Вулкан 5000 №005/866795035231685","",""
"","","","","","","","","","Газель Next М946ХО716","",""
"__export__.roadmark_mrp_shift_work_shift_25594_c83703fe","Р05 Шумик","Закрыта","Ручные","192.48000000000002","2024-05-06 07:00:00","0.0","0.0","1","Р05 бензогенератор","г.Мстиславль\\2024\\","г.Мстиславль\\2024\\"
"","","","","","","","","","Р05 воздуходувка","",""
"","","","","","","","","","Р01 ISUZU  АК 5853-1/866039048467238","",""
"","","","","","","","","","Р01 ISUZU  АК 5853-1/866039048467238","",""
"__export__.roadmark_mrp_shift_work_shift_25682_989d9716","Т01 Гранкин (Тычковочная)","Закрыта","Ручные","23.76","2024-05-06 07:20:00","0.0","0.0","1","Газель Next AP 9208-1","ВАД СЕМ Крым //2024//","ВАД СЕМ Крым //2024//"
"","","","","","","","","","Газель Next AP 9208-1","",""
"__export__.roadmark_mrp_shift_work_shift_25606_24aa2afc","К06 Камалов_","Закрыта","","0.0","2024-05-06 08:00:00","0.0","0.0","0","","",""
"__export__.roadmark_mrp_shift_work_shift_25592_063ca03c","П04 Старикевич","Закрыта","","0.0","2024-05-06 08:00:00","0.0","0.0","0","Газель Next AP5750-1","",""
"__export__.roadmark_mrp_shift_work_shift_25665_70177a47","П06 Алькин","Закрыта","","0.0","2024-05-06 08:00:00","0.0","0.0","0","П06 Электростанция","",""
"__export__.roadmark_mrp_shift_work_shift_25596_c1705d7e","П12 Крым","Закрыта","","0.0","2024-05-06 08:00:00","0.0","0.0","0","","",""
"__export__.roadmark_mrp_shift_work_shift_25582_1b882297","П13 Омелянчук","Закрыта","Линейные","13.200000000000001","2024-05-06 08:00:00","0.0","0.0","1","Контур 400 № 009-6","ВАД Феодосия - Владиславовка //2024//","ВАД Феодосия - Владиславовка //2024//"
"","","","Ручные","","","","","","","ВАД Феодосия - Владиславовка //2024//",""
"","","","","","","","","","П08 ГАЗ NEXT АН 7654-1 (новый)","",""
"__export__.roadmark_mrp_shift_work_shift_25617_65bc35a9","П15 Северенюк","Закрыта","","0.0","2024-05-06 08:00:00","0.0","0.0","0","Газель Next AP 9205-1","",""
"","","","","","","","","","Газель Next AP 9205-1","",""
"__export__.roadmark_mrp_shift_work_shift_25723_6592a8bc","Р04 Безсилко","Закрыта","","0.0","2024-05-06 08:00:00","0.0","0.0","0","Р06 HYUNDAI AН 0302-1/866104029818096","",""
"__export__.roadmark_mrp_shift_work_shift_25646_df559446","Р15 Коряков","Закрыта","","0.0","2024-05-06 08:12:00","0.0","0.0","0","","",""
"__export__.roadmark_mrp_shift_work_shift_25649_75d164d3","К09 Сухонь","Закрыта","","0.0","2024-05-06 08:24:00","0.0","0.0","0","","",""
"__export__.roadmark_mrp_shift_work_shift_25727_1f9503ce","У02 Назарук","Завершена","Ручные","3.3000000000000003","2024-05-06 08:42:00","0.0","0.0","1","воздуходувка новая","пр. Димитрова, г. Могилев \\2023\\","пр. Димитрова, г. Могилев \\2023\\"
"","","","","","","","","","ГАЗель NEXT АР5699-1","",""
"__export__.roadmark_mrp_shift_work_shift_25603_63a8344b","Д01 Жолнерук","Закрыта","","0.0","2024-05-06 09:00:00","0.0","0.0","0","","",""
"__export__.roadmark_mrp_shift_work_shift_25785_3fcc2a8e","К02 Христик","Закрыта","","0.0","2024-05-06 09:00:00","0.0","0.0","0","","",""
"__export__.roadmark_mrp_shift_work_shift_25644_411f506a","К02 Христик","Закрыта","","0.0","2024-05-06 09:00:00","0.0","0.0","0","","",""
"__export__.roadmark_mrp_shift_work_shift_25618_192a91bb","К08 Семашко","Закрыта","","0.0","2024-05-06 09:00:00","0.0","0.0","0","","",""
"__export__.roadmark_mrp_shift_work_shift_25604_08852cd4","П08 Латыев","Закрыта","","0.0","2024-05-06 09:00:00","0.0","0.0","0","Газель Next AP 9212-1","",""
"","","","","","","","","","П08 Камаз C311TM716","",""
"","","","","","","","","","П08 Вулкан 5000 №015/014","",""
"","","","","","","","","","П08 Контур 700 ТП №96/63АК1812","",""
"","","","","","","","","","Газель Next AP 9212-1","",""
"__export__.roadmark_mrp_shift_work_shift_25638_60e7f957","Р12 Симоненков","Закрыта","","0.0","2024-05-06 09:00:00","0.0","0.0","0","","",""
"__export__.roadmark_mrp_shift_work_shift_25667_f424d9c5","Р13 Пиявка","Завершена","Ручные","23.1","2024-05-06 09:00:00","0.0","0.0","1","","ВАД СЕМ Крым //2024//","ВАД СЕМ Крым //2024//"
"__export__.roadmark_mrp_shift_work_shift_25611_7a782bce","Р07 Расщибин","Закрыта","","0.0","2024-05-06 09:08:00","0.0","0.0","0","Газель Next M422XP-716","",""
"","","","","","","","","","Газель Next M422XP-716","",""
"__export__.roadmark_mrp_shift_work_shift_25639_b20bb872","Р19 Старикевич АА","Закрыта","","0.0","2024-05-06 09:39:00","0.0","0.0","0","Р02 HYUNDAI АМ6919-1/357322047528085","",""
"__export__.roadmark_mrp_shift_work_shift_25672_3ba3bbfb","П17 Шокайло","Закрыта","","0.0","2024-05-06 10:00:00","0.0","0.0","0","","",""
"__export__.roadmark_mrp_shift_work_shift_25632_c92826b7","Р18 Челлура","Закрыта","Ручные","94.0","2024-05-06 11:00:00","0.0","0.0","1","К05 LineLazer НОВЫЙ","г.Малорита \\2024\\","г.Малорита \\2024\\"
"","","","","","","","","","Газель Next AP 9207-1","",""
"","","","","","","","","","Газель Next AP 9207-1","",""
"","","","","","","","","","К05 LineLazer НОВЫЙ","",""
"__export__.roadmark_mrp_shift_work_shift_25704_e3915346","Р20 Кузюбердин","Закрыта","","0.0","2024-05-06 12:00:00","0.0","0.0","0","","",""
"__export__.roadmark_mrp_shift_work_shift_25601_03b1ec9c","Р21 Санчаев","Закрыта","","0.0","2024-05-06 17:48:00","0.0","0.0","0","","",""
"__export__.roadmark_mrp_shift_work_shift_25625_ab9845d4","П09 Мартынюк","Закрыта","Линейные","566.14","2024-05-06 19:00:00","0.0","0.0","3","","Белгород 55млн. \\2024\\","Белгород 55млн. \\2024\\"
"","","","","","","","","","","","Белгород 55млн. \\2024\\"
"","","","","","","","","","","","Белгород 55млн. \\2024\\"
"__export__.roadmark_mrp_shift_work_shift_25623_6adb5230","Р17 Северенюк Д","Закрыта","Ручные","93.32000000000001","2024-05-06 20:00:00","0.0","0.0","1","Р03 ГАЗ NEXT АН 7652-1 (новый)","Белгород 30млн. \\2024\\","Белгород 30млн. \\2024\\"
"","","","","","","","","","Р03 ГАЗ NEXT АН 7652-1 (новый)","",""
"__export__.roadmark_mrp_shift_work_shift_25739_f7b9454f","Субподряд ООО Доруслуги(Белгород)","Завершена","","0.0","2024-05-06 20:15:00","0.0","0.0","0","","",""
"__export__.roadmark_mrp_shift_work_shift_25624_2140ec92","Р16 Симинский","Закрыта","Ручные","97.86","2024-05-06 20:26:00","0.0","0.0","1","К05 ГАЗ NEXT АР 0414-1 (новый)","Белгород 30млн. \\2024\\","Белгород 30млн. \\2024\\"
"__export__.roadmark_mrp_shift_work_shift_25628_14aa83dc","Субподряд ООО Дон Винил (Воронеж)","Завершена","Линейные","78.75","2024-05-06 21:00:00","0.0","0.0","1","","Воронеж \\2024\\","Воронеж \\2024\\"
"","","","Ручные","","","","","","","Воронеж \\2024\\",""
"__export__.roadmark_mrp_shift_work_shift_25620_48d99cd0","Субподряд ООО Дорспец (Воронеж)","Закрыта","","0.0","2024-05-06 21:00:00","0.0","0.0","0","","",""
"__export__.roadmark_mrp_shift_work_shift_25619_8398aa34","Субподряд ООО Дорспец(Белгород)","Завершена","","0.0","2024-05-06 21:00:00","0.0","0.0","0","","",""
"__export__.roadmark_mrp_shift_work_shift_25629_4aa29862","Р03 Буравлев","Закрыта","","0.0","2024-05-06 22:00:00","0.0","0.0","0","","",""
"__export__.roadmark_mrp_shift_work_shift_25683_ae80b7aa","Субподряд ООО Мост (Воронеж)","Завершена","Линейные","0.0","2024-05-06 22:08:00","0.0","0.0","0","","Воронеж \\2024\\",""
"__export__.roadmark_mrp_shift_work_shift_25664_e701606c","К05 Наумчик","Закрыта","","0.0","2024-05-07 00:00:00","0.0","0.0","0","","",""
"__export__.roadmark_mrp_shift_work_shift_25641_374a8c3c","Р19 Старикевич АА","Завершена","Ручные","29.6","2024-05-07 03:54:00","0.0","0.0","1","K01 Line Lazer","Татарстан (федеральные) \\2024\\","Татарстан (федеральные) \\2024\\"
"","","","","","","","","","Р08 Генератор","",""
"","","","","","","","","","Р02 HYUNDAI АМ6919-1/357322047528085","",""
"__export__.roadmark_mrp_shift_work_shift_25626_20b2b854","К03 Медведь","Закрыта","Линейные","1417.51","2024-05-07 04:00:00","3941.474","1.094854","3","К03 HYUNDAI  АК 1163-1/357938020545695","Татарстан (местные) \\2024\\","Татарстан (местные) \\2024\\"
"","","","","","","","","","К03 Воздуходувка","",""
"","","","","","","","","","К03 ШМЕЛЬ12А  АМ3348-1/862462039356935","",""
"","","","","","","","","","К03 ШМЕЛЬ12А  АМ3348-1/862462039356935","",""
"","","","","","","","","","К03 HYUNDAI  АК 1163-1/357938020545695","",""
"","","","","","","","","","","","Татарстан (местные) \\2024\\"
"","","","","","","","","","","","Татарстан (местные) \\2024\\"
"__export__.roadmark_mrp_shift_work_shift_25663_7e4a37f6","П05 Чурак","Закрыта","","0.0","2024-05-07 06:00:00","0.0","0.0","0","","",""
"__export__.roadmark_mrp_shift_work_shift_25691_d4ee9a56","П10 Валеев","Завершена","","0.0","2024-05-07 06:07:00","0.0","0.0","0","","",""
"__export__.roadmark_mrp_shift_work_shift_25695_bb4bbac4","Т01 Гранкин (Тычковочная)","Закрыта","Ручные","52.47","2024-05-07 06:40:00","0.0","0.0","1","Газель Next AP 9208-1","ВАД СЕМ Крым //2024//","ВАД СЕМ Крым //2024//"
"__export__.roadmark_mrp_shift_work_shift_25681_73fef254","К06 Камалов_","Закрыта","","0.0","2024-05-07 07:00:00","0.0","0.0","0","","",""
"__export__.roadmark_mrp_shift_work_shift_25607_becf12f6","К10 Шелепов","Закрыта","","0.0","2024-05-07 07:00:00","0.0","0.0","0","","",""
"__export__.roadmark_mrp_shift_work_shift_25670_05d5d283","П16 Колотилин","Закрыта","Линейные","761.38","2024-05-07 07:00:00","0.0","0.0","1","П01 Вулкан 5000 №005/866795035231685","Татарстан (федеральные) \\2024\\","Татарстан (федеральные) \\2024\\"
"","","","","","","","","","П01 Воздуходувка","",""
"","","","","","","","","","П01 Контур 700 ТПК № 73","",""
"","","","","","","","","","Газель Next М946ХО716","",""
"","","","","","","","","","Камаз С340УВ716","",""
"","","","","","","","","","П01 Контур 700 ТПК № 73","",""
"__export__.roadmark_mrp_shift_work_shift_25707_eb56a087","Р21 Санчаев","Закрыта","","0.0","2024-05-07 07:00:00","0.0","0.0","0","Газель Next P449MO716","",""
"","","","","","","","","","Газель Next P449MO716","",""
"__export__.roadmark_mrp_shift_work_shift_25650_255bb167","К09 Сухонь","Закрыта","","0.0","2024-05-07 07:25:00","0.0","0.0","0","","",""
"__export__.roadmark_mrp_shift_work_shift_25633_e8df078a","П13 Омелянчук","Закрыта","Линейные","94.34","2024-05-07 07:30:00","1769.617","0.49156","2","Контур 400 № 009-6","ВАД Феодосия - Владиславовка //2024//","ВАД Феодосия - Владиславовка //2024//"
"","","","","","","","","","Вулкан 3000 новый","",""
"","","","","","","","","","П08 ГАЗ NEXT АН 7654-1 (новый)","",""
"","","","","","","","","","Вулкан 3000 новый","",""
"","","","","","","","","","П08 ГАЗ NEXT АН 7654-1 (новый)","",""
"","","","","","","","","","","","ВАД Феодосия - Владиславовка //2024//"
"__export__.roadmark_mrp_shift_work_shift_25693_6f5d593b","П04 Старикевич","Закрыта","","0.0","2024-05-07 08:00:00","0.0","0.0","0","Газель Next AP5750-1","",""
"__export__.roadmark_mrp_shift_work_shift_25666_5b305850","П06 Алькин","Закрыта","","0.0","2024-05-07 08:00:00","0.0","0.0","0","","",""
"__export__.roadmark_mrp_shift_work_shift_25674_3bdf33eb","П08 Латыев","Закрыта","Линейные","1548.76","2024-05-07 08:00:00","0.0","0.0","1","П08 Контур 700 ТП №96/63АК1812","ВАД СЕМ Крым //2024//","ВАД СЕМ Крым //2024//"
"","","","","","","","","","П08 Вулкан 5000 №015/014","",""
"","","","","","","","","","П08 Воздуходувка","",""
"","","","","","","","","","П08 Камаз C311TM716","",""
"","","","","","","","","","Газель Next AP 9212-1","",""
"__export__.roadmark_mrp_shift_work_shift_25720_420e9feb","П12 Крым","Закрыта","","0.0","2024-05-07 08:00:00","0.0","0.0","0","П02 МАЗ АМ 2272-1/868324026404942","",""
"","","","","","","","","","П02 МАЗ АМ 2272-1/868324026404942","",""
"__export__.roadmark_mrp_shift_work_shift_25724_99485242","Р04 Безсилко","Закрыта","","0.0","2024-05-07 08:00:00","0.0","0.0","0","","",""
"__export__.roadmark_mrp_shift_work_shift_25730_408e6f09","У02 Назарук","Закрыта","Ручные","26.400000000000002","2024-05-07 08:50:00","0.0","0.0","1","воздуходувка новая","пр. Димитрова, г. Могилев \\2023\\","пр. Димитрова, г. Могилев \\2023\\"
"","","","","","","","","","ГАЗель NEXT АР5699-1","",""
"__export__.roadmark_mrp_shift_work_shift_25696_fdc32c34","Д01 Жолнерук","Закрыта","","0.0","2024-05-07 09:00:00","0.0","0.0","0","Д01 MAN АН 8499-1 (демаркиратор)","",""
"","","","","","","","","","Р07 HYUNDAI HD78 AI 1782-1/357322047475659","",""
"","","","","","","","","","Д01 MAN АН 8499-1 (демаркиратор)","",""
"","","","","","","","","","Р07 HYUNDAI HD78 AI 1782-1/357322047475659","",""
"__export__.roadmark_mrp_shift_work_shift_25787_3272071a","К02 Христик","Закрыта","","0.0","2024-05-07 09:00:00","0.0","0.0","0","","",""
"__export__.roadmark_mrp_shift_work_shift_25732_7b8c02b9","П15 Северенюк","Закрыта","","0.0","2024-05-07 09:00:00","0.0","0.0","0","Газель Next AP 9205-1","",""
"__export__.roadmark_mrp_shift_work_shift_25640_ccbfc936","Р12 Симоненков","Закрыта","","0.0","2024-05-07 09:00:00","0.0","0.0","0","","",""
"__export__.roadmark_mrp_shift_work_shift_25784_4130c8de","Р13 Пиявка","Закрыта","Ручные","23.1","2024-05-07 09:00:00","0.0","0.0","1","","ВАД СЕМ Крым //2024//","ВАД СЕМ Крым //2024//"
"__export__.roadmark_mrp_shift_work_shift_25777_6767762b","Р18 Челлура","Закрыта","","0.0","2024-05-07 09:00:00","0.0","0.0","0","","",""
"__export__.roadmark_mrp_shift_work_shift_25676_3349440a","Р07 Расщибин","Закрыта","","0.0","2024-05-07 09:30:00","0.0","0.0","0","Газель Next M422XP-716","",""
"__export__.roadmark_mrp_shift_work_shift_25668_bc95255c","Р05 Шумик","Закрыта","","0.0","2024-05-07 10:00:00","0.0","0.0","0","Р01 ISUZU  АК 5853-1/866039048467238","",""
"__export__.roadmark_mrp_shift_work_shift_25705_319e0100","Р20 Кузюбердин","Закрыта","","0.0","2024-05-07 10:00:00","0.0","0.0","0","П04 ГАЗ  АН 0195-1/357322047495442","",""
"","","","","","","","","","П04 ГАЗ  АН 0195-1/357322047495442","",""
"__export__.roadmark_mrp_shift_work_shift_25675_f83ba895","К08 Семашко","Закрыта","Линейные","826.16","2024-05-07 13:00:00","4061.961","0.0","2","К01 Шмель 12А  АМ 4366-1 (аренда)","г. Полоцк \\2024\\","г.п. Россоны\\2024\\"
"","","","Линейные","","","","","","","г.п. Россоны\\2024\\",""
"","","","","","","","","","К01 Шмель 12А  АМ 4366-1 (аренда)","",""
"","","","","","","","","","","","г. Полоцк \\2024\\"
"__export__.roadmark_mrp_shift_work_shift_25673_a7d35bc3","П17 Шокайло","Закрыта","","0.0","2024-05-07 13:00:00","0.0","0.0","0","","",""
"__export__.roadmark_mrp_shift_work_shift_25662_6740ac44","Субподряд Автогаз(с материалами)","Закрыта","Линейные","3580.23","2024-05-07 16:40:00","0.0","0.0","3","","Татарстан (местные) \\2024\\","Татарстан (местные) \\2024\\"
"","","","Линейные","","","","","","","Татарстан (местные) \\2024\\",""
"","","","Линейные","","","","","","","Татарстан (местные) \\2024\\",""
"","","","","","","","","","","","Татарстан (местные) \\2024\\"
"","","","","","","","","","","","Татарстан (местные) \\2024\\"
"__export__.roadmark_mrp_shift_work_shift_25679_9a344f84","П09 Мартынюк","Закрыта","Линейные","1262.84","2024-05-07 18:00:00","0.0","0.0","4","Контур 750Т №003","Белгород 55млн. \\2024\\","Белгород 55млн. \\2024\\"
"","","","Линейные","","","","","","","Белгород 30млн. \\2024\\",""
"","","","","","","","","","П01 МАЗ АМ 0041-1/865733029255734","",""
"","","","","","","","","","Газель NEXT 5710 АР-1","",""
"","","","","","","","","","Контур 750Т №003","",""
"","","","","","","","","","Газель NEXT 5710 АР-1","",""
"","","","","","","","","","","","Белгород 55млн. \\2024\\"
"","","","","","","","","","","","Белгород 55млн. \\2024\\"
"","","","","","","","","","","","Белгород 55млн. \\2024\\"
"__export__.roadmark_mrp_shift_work_shift_25740_6cbf7f14","Субподряд ООО Доруслуги(Белгород)","Завершена","","0.0","2024-05-07 20:15:00","0.0","0.0","0","","",""
"__export__.roadmark_mrp_shift_work_shift_25694_a457170b","Р02 Германов","Завершена","","0.0","2024-05-07 21:00:00","0.0","0.0","0","","",""
"__export__.roadmark_mrp_shift_work_shift_25680_682b9308","Субподряд ООО Дон Винил (Воронеж)","Закрыта","","0.0","2024-05-07 21:00:00","0.0","0.0","0","","",""
"__export__.roadmark_mrp_shift_work_shift_25700_1211f4c4","Субподряд ООО Дорспец (Воронеж)","Завершена","","0.0","2024-05-07 21:00:00","0.0","0.0","0","","",""
"__export__.roadmark_mrp_shift_work_shift_25699_dd394480","Субподряд ООО Дорспец(Белгород)","Завершена","","0.0","2024-05-07 21:00:00","0.0","0.0","0","","",""
"__export__.roadmark_mrp_shift_work_shift_25686_728cdb0f","Р03 Буравлев","Завершена","","0.0","2024-05-07 22:00:00","0.0","0.0","0","","",""
"__export__.roadmark_mrp_shift_work_shift_25684_893a9507","Субподряд ООО Мост (Воронеж)","Завершена","Линейные","0.0","2024-05-07 22:10:00","0.0","0.0","0","","Воронеж \\2024\\",""
"__export__.roadmark_mrp_shift_work_shift_25688_ce1af308","Р17 Северенюк Д","Закрыта","Ручные","149.78","2024-05-08 01:02:00","0.0","0.0","2","Бензогенератор Бизон ГБ-2700/03","Белгород 30млн. \\2024\\","Белгород 55млн. \\2024\\"
"","","","Ручные","","","","","","","Белгород 30млн. \\2024\\",""
"","","","Ручные","","","","","","","Белгород 30млн. \\2024\\",""
"","","","Ручные","","","","","","","Белгород 55млн. \\2024\\",""
"","","","","","","","","","Р02 воздуходувка/123","",""
"","","","","","","","","","Р03 ГАЗ NEXT АН 7652-1 (новый)","",""
"","","","","","","","","","","","Белгород 30млн. \\2024\\"
"__export__.roadmark_mrp_shift_work_shift_25713_654f57ff","Р16 Симинский","Завершена","Ручные","124.53","2024-05-08 01:18:00","0.0","0.0","1","К05 ГАЗ NEXT АР 0414-1 (новый)","Белгород 30млн. \\2024\\","Белгород 30млн. \\2024\\"
"","","","Ручные","","","","","","","Белгород 30млн. \\2024\\",""
"","","","","","","","","","К05 ГАЗ NEXT АР 0414-1 (новый)","",""
"__export__.roadmark_mrp_shift_work_shift_25678_137d3f76","К03 Медведь","Закрыта","Линейные","4422.63","2024-05-08 04:00:00","8831.167","2.453102","3","К03 HYUNDAI  АК 1163-1/357938020545695","Татарстан (местные) \\2024\\","Татарстан (местные) \\2024\\"
"","","","","","","","","","К03 ШМЕЛЬ12А  АМ3348-1/862462039356935","",""
"","","","","","","","","","К03 Воздуходувка","",""
"","","","","","","","","","","","Татарстан (местные) \\2024\\"
"","","","","","","","","","","","Татарстан (местные) \\2024\\"
"__export__.roadmark_mrp_shift_work_shift_25772_07ea8ab7","К09 Сухонь","Закрыта","","0.0","2024-05-08 05:53:00","0.0","0.0","0","","",""
"__export__.roadmark_mrp_shift_work_shift_25745_215b5a71","П13 Омелянчук","Закрыта","Линейные","13.200000000000001","2024-05-08 06:00:00","0.0","0.0","1","Вулкан 3000 новый","ВАД Феодосия - Владиславовка //2024//","ВАД Феодосия - Владиславовка //2024//"
"__export__.roadmark_mrp_shift_work_shift_25714_4bddb99e","К06 Камалов_","Закрыта","Линейные","4042.56","2024-05-08 07:00:00","2301.421","0.0","1","К04 Двигатель ""Кубота""","Татарстан (Мостовик) \\2024\\","Татарстан (Мостовик) \\2024\\"
"","","","Линейные","","","","","","","Татарстан (Мостовик) \\2024\\",""
"","","","","","","","","","К06 ШМЕЛЬ 12А В146ВН763/359006055032886","",""
"","","","","","","","","","К06 HYUNDAI VT (HD78)  В784ХС763","",""
"","","","","","","","","","К06 ШМЕЛЬ 12А В146ВН763/359006055032886","",""
"","","","","","","","","","К04 Двигатель ""Кубота""","",""
"__export__.roadmark_mrp_shift_work_shift_25748_39881107","К10 Шелепов","Завершена","Линейные","2436.18","2024-05-08 07:00:00","9216.145","0.0","0","","Самара \\2024\\",""
"__export__.roadmark_mrp_shift_work_shift_25766_67c3529f","П06 Алькин","Закрыта","Линейные","587.97","2024-05-08 07:00:00","0.0","0.0","1","Контур 1500 №27","Татарстан (федеральные) \\2024\\","Татарстан (федеральные) \\2024\\"
"","","","","","","","","","П06 воздуходувка","",""
"","","","","","","","","","П06 Электростанция","",""
"","","","","","","","","","Камаз P106CO716","",""
"","","","","","","","","","Газель Next М398хр716","",""
"","","","","","","","","","П06 воздуходувка","",""
"","","","","","","","","","Контур 1500 №27","",""
"","","","","","","","","","П06 Электростанция","",""
"","","","","","","","","","Камаз P106CO716","",""
"","","","","","","","","","Газель Next М398хр716","",""
"__export__.roadmark_mrp_shift_work_shift_25719_615455f0","П16 Колотилин","Закрыта","Линейные","559.8000000000001","2024-05-08 07:00:00","0.0","0.0","1","П01 Вулкан 5000 №005/866795035231685","Татарстан (федеральные) \\2024\\","Татарстан (федеральные) \\2024\\"
"","","","","","","","","","П01 Контур 700 ТПК № 73","",""
"","","","","","","","","","П01 Воздуходувка","",""
"","","","","","","","","","Газель Next М946ХО716","",""
"","","","","","","","","","Камаз С340УВ716","",""
"","","","","","","","","","П01 Вулкан 5000 №005/866795035231685","",""
"","","","","","","","","","П01 Контур 700 ТПК № 73","",""
"","","","","","","","","","Газель Next М946ХО716","",""
"__export__.roadmark_mrp_shift_work_shift_25711_61521943","Р21 Санчаев","Закрыта","","0.0","2024-05-08 07:00:00","0.0","0.0","0","Газель Next P449MO716","",""
"","","","","","","","","","Р08 Воздуходувка","",""
"","","","","","","","","","П01  Бензогенератор","",""
"__export__.roadmark_mrp_shift_work_shift_25747_bc9a8a45","П04 Старикевич","Закрыта","Линейные","372.0","2024-05-08 08:00:00","0.0","0.0","5","П04 Бензогенератор","Татарстан (местные) \\2024\\","Татарстан (местные) \\2024\\"
"","","","","","","","","","Контур 750 №1","",""
"","","","","","","","","","П04 МАЗ АН4994-1/4994","",""
"","","","","","","","","","Газель Next AP5750-1","",""
"","","","","","","","","","П04 Бензогенератор","",""
"","","","","","","","","","Контур 750 №1","",""
"","","","","","","","","","Газель Next AP5750-1","",""
"","","","","","","","","","","","Татарстан (местные) \\2024\\"
"","","","","","","","","","","","Татарстан (местные) \\2024\\"
"","","","","","","","","","","","Татарстан (местные) \\2024\\"
"","","","","","","","","","","","Татарстан (местные) \\2024\\"
"__export__.roadmark_mrp_shift_work_shift_25749_b3e8264e","П08 Латыев","Закрыта","","0.0","2024-05-08 08:00:00","0.0","0.0","0","","",""
"__export__.roadmark_mrp_shift_work_shift_25722_60c86865","П12 Крым","Закрыта","Линейные","269.97","2024-05-08 08:00:00","0.0","0.0","1","Контур 650 ХПЭ №37","Татарстан (федеральные) \\2024\\","Татарстан (федеральные) \\2024\\"
"","","","","","","","","","К04 ГАЗ  AM 6425-1/866192035488558","",""
"","","","","","","","","","П02 МАЗ АМ 2272-1/868324026404942","",""
"","","","","","","","","","Контур 650 ХПЭ №37","",""
"","","","","","","","","","К04 ГАЗ  AM 6425-1/866192035488558","",""
"__export__.roadmark_mrp_shift_work_shift_25731_d2f820de","У02 Назарук","Закрыта","Линейные","88.02","2024-05-08 08:54:00","1562.301","0.0","1","воздуходувка новая","Путепровод, г. Могилев \\2024\\","Путепровод, г. Могилев \\2024\\"
"","","","","","","","","","Контур 400 №5","",""
"","","","","","","","","","JAC N120 АР 5957-1","",""
"","","","","","","","","","ГАЗель NEXT АР5699-1","",""
"","","","","","","","","","ГАЗель NEXT АР5699-1","",""
"__export__.roadmark_mrp_shift_work_shift_25789_7931091d","К02 Христик","Закрыта","","0.0","2024-05-08 09:00:00","0.0","0.0","0","","",""
"__export__.roadmark_mrp_shift_work_shift_25733_47a5a848","П15 Северенюк","Завершена","","0.0","2024-05-08 09:00:00","0.0","0.0","0","","",""
"__export__.roadmark_mrp_shift_work_shift_25712_2f4a623a","П17 Шокайло","Закрыта","","0.0","2024-05-08 09:00:00","0.0","0.0","0","Контур 400 №007-3","",""
"","","","","","","","","","П02 ГАЗ  АН 0194-1/866104029818179","",""
"","","","","","","","","","Контур 400 №007-3","",""
"","","","","","","","","","П02 ГАЗ  АН 0194-1/866104029818179","",""
"__export__.roadmark_mrp_shift_work_shift_25692_9dbdee69","Р12 Симоненков","Закрыта","","0.0","2024-05-08 09:00:00","0.0","0.0","0","К07 HYUNDAI VT (HD78)  В902ХС763","",""
"","","","","","","","","","К07 HYUNDAI VT (HD78)  В902ХС763","",""
"__export__.roadmark_mrp_shift_work_shift_25786_f66145e6","Р13 Пиявка","Закрыта","","0.0","2024-05-08 09:00:00","0.0","0.0","0","","",""
"__export__.roadmark_mrp_shift_work_shift_25755_39a04839","К05 Наумчик","Закрыта","","0.0","2024-05-08 10:00:00","0.0","0.0","0","","",""
"__export__.roadmark_mrp_shift_work_shift_25734_1b8e5409","К08 Семашко","Закрыта","Линейные","625.75","2024-05-08 10:00:00","968.927001","0.0","1","К01 Шмель 12А  АМ 4366-1 (аренда)","г. Борисов (УП Жильё) \\2024\\","г. Борисов (УП Жильё) \\2024\\"
"","","","Линейные","","","","","","","г. Борисов (УП Жильё) \\2024\\",""
"","","","Линейные","","","","","","","г. Борисов (УП Жильё) \\2024\\",""
"","","","","","","","","","К01 Шмель 12А  АМ 4366-1 (аренда)","",""
"__export__.roadmark_mrp_shift_work_shift_25706_ae3678a8","П05 Чурак","Завершена","Линейные","104.51","2024-05-08 10:00:00","0.0","0.0","0","П05 Контур 650 ХП №24/866039048468111","Въезд в аэропорт, км 0-2,5 \\2024\\",""
"","","","","","","","","","П05 Контур 650 ХП №24/866039048468111","",""
"__export__.roadmark_mrp_shift_work_shift_25701_f04964ad","Р05 Шумик","Закрыта","Ручные","61.5","2024-05-08 10:30:00","0.0","0.0","1","Р05 воздуходувка","пр. Димитрова, г. Могилев \\2023\\","пр. Димитрова, г. Могилев \\2023\\"
"","","","","","","","","","Р01 ISUZU  АК 5853-1/866039048467238","",""
"__export__.roadmark_mrp_shift_work_shift_25716_2eaff38d","Р19 Старикевич АА","Завершена","Ручные","43.2","2024-05-08 10:35:00","0.0","0.0","2","Р06 Воздуходувка Штиль","Татарстан (федеральные) \\2024\\","Татарстан (федеральные) \\2024\\"
"","","","","","","","","","Р02 HYUNDAI АМ6919-1/357322047528085","",""
"","","","","","","","","","","","Татарстан (федеральные) \\2024\\"
"__export__.roadmark_mrp_shift_work_shift_25752_79089123","Р03 Буравлев","Завершена","Ручные","224.0","2024-05-08 12:00:00","0.0","0.0","3","","Воронеж \\2024\\","Воронеж \\2024\\"
"","","","Ручные","","","","","","","Воронеж \\2024\\",""
"","","","Ручные","","","","","","","Воронеж \\2024\\",""
"","","","","","","","","","","","Воронеж \\2024\\"
"","","","","","","","","","","","Воронеж \\2024\\"
"__export__.roadmark_mrp_shift_work_shift_25718_79300782","Р04 Безсилко","Закрыта","Ручные","35.2","2024-05-08 12:00:00","0.0","0.0","1","Генератор DENZEL","Татарстан (федеральные) \\2024\\","Татарстан (федеральные) \\2024\\"
"","","","","","","","","","Р06 HYUNDAI AН 0302-1/866104029818096","",""
"__export__.roadmark_mrp_shift_work_shift_25778_c141f14e","Р18 Челлура","Завершена","Ручные","20.76","2024-05-08 13:00:00","0.0","0.0","2","","Подъезд к г. Лида (ДСТ-6) \\2024\\","г.Лида ХП \\2024\\"
"","","","Ручные","","","","","","","г.Лида ХП \\2024\\",""
"","","","","","","","","","","","Подъезд к г. Лида (ДСТ-6) \\2024\\"
"__export__.roadmark_mrp_shift_work_shift_25750_03ddd387","Р20 Кузюбердин","Закрыта","","0.0","2024-05-08 16:00:00","0.0","0.0","0","П04 ГАЗ  АН 0195-1/357322047495442","",""
"__export__.roadmark_mrp_shift_work_shift_25751_cbfc38de","Д01 Жолнерук","Закрыта","Демаркировка","30.0","2024-05-08 18:00:00","0.0","0.0","0","Д01 MAN АН 8499-1 (демаркиратор)","Воронеж \\2024\\",""
"","","","","","","","","","Р07 HYUNDAI HD78 AI 1782-1/357322047475659","",""
"","","","","","","","","","Д01 MAN АН 8499-1 (демаркиратор)","",""
"__export__.roadmark_mrp_shift_work_shift_25763_d6280408","Р16 Симинский","Закрыта","","0.0","2024-05-08 19:16:00","0.0","0.0","0","","",""
"__export__.roadmark_mrp_shift_work_shift_25743_c6c9b92e","Субподряд ООО Доруслуги(Белгород)","Завершена","Ручные","85.38","2024-05-08 19:40:00","0.0","0.0","0","","Белгород 55млн. \\2024\\",""
"__export__.roadmark_mrp_shift_work_shift_25793_a7b77110","Р17 Северенюк Д","Закрыта","","0.0","2024-05-08 20:00:00","0.0","0.0","0","","",""
"__export__.roadmark_mrp_shift_work_shift_25717_a4770b1c","П09 Мартынюк","Закрыта","","0.0","2024-05-08 21:14:00","0.0","0.0","0","","",""
"__export__.roadmark_mrp_shift_work_shift_25775_22e22989","Субподряд ООО Мост (Воронеж)","Завершена","Линейные","0.0","2024-05-08 22:09:00","0.0","0.0","0","","Воронеж \\2024\\",""
"__export__.roadmark_mrp_shift_work_shift_25742_040cb8c2","К03 Медведь","Закрыта","Линейные","1721.45","2024-05-09 03:00:00","6658.893","1.850188","6","К03 ШМЕЛЬ12А  АМ3348-1/862462039356935","Татарстан (Мостовик) \\2024\\","Татарстан (Мостовик) \\2024\\"
"","","","Линейные","","","","","","","Татарстан (Мостовик) \\2024\\",""
"","","","Линейные","","","","","","","Татарстан (местные) \\2024\\",""
"","","","","","","","","","К03 ШМЕЛЬ12А  АМ3348-1/862462039356935","",""
"","","","","","","","","","К03 HYUNDAI  АК 1163-1/357938020545695","",""
"","","","","","","","","","К03 ШМЕЛЬ12А  АМ3348-1/862462039356935","",""
"","","","","","","","","","","","Татарстан (Мостовик) \\2024\\"
"","","","","","","","","","","","Татарстан (Мостовик) \\2024\\"
"","","","","","","","","","","","Татарстан (местные) \\2024\\"
"","","","","","","","","","","","Татарстан (местные) \\2024\\"
"","","","","","","","","","","","Татарстан (Мостовик) \\2024\\"
"__export__.roadmark_mrp_shift_work_shift_25744_b1f9ca16","Р21 Санчаев","Открыта","Ручные","65.6","2024-05-09 04:00:00","0.0","0.0","0","П01  Бензогенератор","Татарстан (федеральные) \\2024\\",""
"","","","","","","","","","Р08 Воздуходувка","",""
"","","","","","","","","","Газель Next P449MO716","",""
"","","","","","","","","","Газель Next P449MO716","",""
"__export__.roadmark_mrp_shift_work_shift_25761_e0035d99","К06 Камалов_","Закрыта","Линейные","9243.26","2024-05-09 05:30:00","17699.927","0.0","2","К04 Двигатель ""Кубота""","Татарстан (Чистополь) \\2024\\","Татарстан (Чистополь) \\2024\\"
"","","","Линейные","","","","","","","Татарстан (Мостовик) \\2024\\",""
"","","","","","","","","","К06 ШМЕЛЬ 12А В146ВН763/359006055032886","",""
"","","","","","","","","","К06 HYUNDAI VT (HD78)  В784ХС763","",""
"","","","","","","","","","К06 ШМЕЛЬ 12А В146ВН763/359006055032886","",""
"","","","","","","","","","К06 HYUNDAI VT (HD78)  В784ХС763","",""
"","","","","","","","","","","","Татарстан (Мостовик) \\2024\\"
"__export__.roadmark_mrp_shift_work_shift_25773_10881aa4","К09 Сухонь","Закрыта","","0.0","2024-05-09 05:54:00","0.0","0.0","0","","",""
"__export__.roadmark_mrp_shift_work_shift_25757_b6d4074c","К05 Наумчик","Закрыта","","0.0","2024-05-09 06:30:00","0.0","0.0","0","","",""
"__export__.roadmark_mrp_shift_work_shift_25780_64dc4b60","П04 Старикевич","Закрыта","Линейные","670.28","2024-05-09 07:00:00","0.0","0.0","3","П04 Воздуходувка","Татарстан (местные) \\2024\\","Татарстан (местные) \\2024\\"
"","","","","","","","","","Контур 750 №1","",""
"","","","","","","","","","П04 МАЗ АН4994-1/4994","",""
"","","","","","","","","","Газель Next AP5750-1","",""
"","","","","","","","","","Контур 750 №1","",""
"","","","","","","","","","Газель Next AP5750-1","",""
"","","","","","","","","","","","Татарстан (местные) \\2024\\"
"","","","","","","","","","","","Татарстан (местные) \\2024\\"
"__export__.roadmark_mrp_shift_work_shift_25754_f59d841c","П05 Чурак","Завершена","Линейные","219.96","2024-05-09 07:00:00","0.0","0.0","0","П05 Контур 650 ХП №24/866039048468111","Въезд в аэропорт, км 0-2,5 \\2024\\",""
"__export__.roadmark_mrp_shift_work_shift_25767_e1574f8e","П06 Алькин","Закрыта","Линейные","691.16","2024-05-09 07:00:00","0.0","0.0","1","Контур 1500 №27","Татарстан (федеральные) \\2024\\","Татарстан (федеральные) \\2024\\"
"","","","","","","","","","П06 Электростанция","",""
"","","","","","","","","","П06 воздуходувка","",""
"","","","","","","","","","Газель Next М398хр716","",""
"","","","","","","","","","Камаз P106CO716","",""
"","","","","","","","","","Газель Next М398хр716","",""
"__export__.roadmark_mrp_shift_work_shift_25756_694b5313","П16 Колотилин","Завершена","Линейные","674.23","2024-05-09 07:00:00","0.0","0.0","1","П01 Воздуходувка","Татарстан (федеральные) \\2024\\","Татарстан (федеральные) \\2024\\"
"","","","","","","","","","Газель Next М946ХО716","",""
"","","","","","","","","","Газель Next М946ХО716","",""
"__export__.roadmark_mrp_shift_work_shift_25764_46fa0993","Р04 Безсилко","Завершена","","0.0","2024-05-09 07:00:00","0.0","0.0","0","","",""
"__export__.roadmark_mrp_shift_work_shift_25774_67535e46","П09 Мартынюк","Закрыта","","0.0","2024-05-09 08:00:00","0.0","0.0","0","","",""
"__export__.roadmark_mrp_shift_work_shift_25746_bde8ab68","П13 Омелянчук","Закрыта","","0.0","2024-05-09 08:00:00","0.0","0.0","0","П08 ГАЗ NEXT АН 7654-1 (новый)","",""
"","","","","","","","","","JAC N120 АР 5964-1","",""
"","","","","","","","","","JAC N120 АР 5964-1","",""
"__export__.roadmark_mrp_shift_work_shift_25758_329d2f95","П17 Шокайло","Закрыта","","0.0","2024-05-09 09:00:00","0.0","0.0","0","Контур 400 №007-3","",""
"__export__.roadmark_mrp_shift_work_shift_25753_310a1901","Р12 Симоненков","Закрыта","Ручные","92.8","2024-05-09 09:00:00","0.0","0.0","1","Воздуходувка GB-26","Татарстан (федеральные) \\2024\\","Татарстан (федеральные) \\2024\\"
"","","","","","","","","","К07 Электростанция","",""
"","","","","","","","","","К07 HYUNDAI VT (HD78)  В902ХС763","",""
"__export__.roadmark_mrp_shift_work_shift_25788_902604b8","Р13 Пиявка","Закрыта","","0.0","2024-05-09 09:00:00","0.0","0.0","0","","",""
"__export__.roadmark_mrp_shift_work_shift_25759_71554c94","Р19 Старикевич АА","Завершена","Ручные","76.8","2024-05-09 09:00:00","0.0","0.0","1","Р08 Генератор","Татарстан (федеральные) \\2024\\","Татарстан (федеральные) \\2024\\"
"","","","","","","","","","Р02 HYUNDAI АМ6919-1/357322047528085","",""
"__export__.roadmark_mrp_shift_work_shift_25760_a5dcdf15","Р05 Шумик","Закрыта","Ручные","70.49","2024-05-09 10:00:00","0.0","0.0","1","Р05 бензогенератор","пр. Димитрова, г. Могилев \\2023\\","пр. Димитрова, г. Могилев \\2023\\"
"","","","","","","","","","Р05 воздуходувка","",""
"","","","","","","","","","Р01 ISUZU  АК 5853-1/866039048467238","",""
"","","","","","","","","","Р05 LineLazer","",""
"","","","","","","","","","Р05 воздуходувка","",""
"","","","","","","","","","Р05 бензогенератор","",""
"","","","","","","","","","Р01 ISUZU  АК 5853-1/866039048467238","",""
"__export__.roadmark_mrp_shift_work_shift_25768_4ec3efcb","К08 Семашко","Закрыта","Линейные","450.61","2024-05-09 12:00:00","1994.122","0.0","1","К01 Шмель 12А  АМ 4366-1 (аренда)","г. Полоцк \\2024\\","г. Полоцк \\2024\\"
"__export__.roadmark_mrp_shift_work_shift_25779_a855d4fd","Р18 Челлура","Закрыта","","0.0","2024-05-09 16:00:00","0.0","0.0","0","","",""
"__export__.roadmark_mrp_shift_work_shift_25765_32307717","Д01 Жолнерук","Закрыта","","0.0","2024-05-09 17:00:00","0.0","0.0","0","Д01 MAN АН 8499-1 (демаркиратор)","",""
"","","","","","","","","","Р07 HYUNDAI HD78 AI 1782-1/357322047475659","",""
"","","","","","","","","","Д01 MAN АН 8499-1 (демаркиратор)","",""
"__export__.roadmark_mrp_shift_work_shift_25795_b2163321","Р17 Северенюк Д","Закрыта","","0.0","2024-05-09 20:00:00","0.0","0.0","0","","",""
"__export__.roadmark_mrp_shift_work_shift_25783_81d7c916","Р20 Кузюбердин","Закрыта","","0.0","2024-05-09 20:00:00","0.0","0.0","0","","",""
"__export__.roadmark_mrp_shift_work_shift_25782_5edfe82e","Р03 Буравлев","Завершена","","0.0","2024-05-09 21:00:00","0.0","0.0","0","","",""
"__export__.roadmark_mrp_shift_work_shift_25776_886e4dfc","Субподряд ООО Мост (Воронеж)","Завершена","Линейные","0.0","2024-05-09 22:11:00","0.0","0.0","0","","Воронеж \\2024\\",""
"__export__.roadmark_mrp_shift_work_shift_25769_33ffe2d8","К03 Медведь","Завершена","Линейные","3495.36","2024-05-10 03:00:00","11398.621","3.193962","0","К03 ШМЕЛЬ12А  АМ3348-1/862462039356935","Татарстан (местные) \\2024\\",""
"","","","Линейные","","","","","","","Татарстан (местные) \\2024\\",""
"","","","Линейные","","","","","","","Татарстан (местные) \\2024\\",""
"","","","Линейные","","","","","","","Татарстан (местные) \\2024\\",""
"","","","","","","","","","К03 HYUNDAI  АК 1163-1/357938020545695","",""
"__export__.roadmark_mrp_shift_work_shift_25794_973787ff","К05 Наумчик","Закрыта","","0.0","2024-05-10 07:00:00","0.0","0.0","0","","",""
"__export__.roadmark_mrp_shift_work_shift_25792_47e64708","П05 Чурак","Закрыта","","0.0","2024-05-10 07:00:00","0.0","0.0","0","","",""
"__export__.roadmark_mrp_shift_work_shift_25790_60994582","П13 Омелянчук","Завершена","","0.0","2024-05-10 08:00:00","0.0","0.0","0","","",""
"__export__.roadmark_mrp_shift_work_shift_25781_28dee56b","Р12 Симоненков","Открыта","Ручные","75.2","2024-05-10 09:00:00","0.0","0.0","0","","Татарстан (федеральные) \\2024\\",""
"__export__.roadmark_mrp_shift_work_shift_25677_8b4c1034","Р18 Челлура","Открыта","","0.0","2024-05-10 09:00:00","0.0","0.0","0","","",""
